City_ID,City,Country,Date,Lat,Lng,Max Temp,Humidity,Cloudiness,Wind Speed
0,Punta Arenas,CL,2020-01-04 22:29:04,-53.16,-70.91,53.6,54,75,13.87
1,Port Elizabeth,US,2020-01-04 22:29:04,39.31,-74.98,57.0,100,90,3.36
2,Krabi,TH,2020-01-04 22:29:04,8.06,98.92,75.2,100,20,5.82
3,Barrow,AR,2020-01-04 22:29:05,-38.31,-60.23,77.27,55,75,18.05
4,Ankazoabo,MG,2020-01-04 22:29:05,-22.29,44.51,75.22,69,14,2.89
5,Hokitika,NZ,2020-01-04 22:29:05,-42.72,170.96,57.04,65,99,9.84
6,Atuona,PF,2020-01-04 22:29:05,-9.8,-139.03,81.55,68,5,9.24
7,Manitouwadge,CA,2020-01-04 22:29:06,49.12,-85.84,19.4,92,90,2.55
8,Mataura,NZ,2020-01-04 22:29:06,-46.19,168.86,55.99,76,98,27.0
9,Chokurdakh,RU,2020-01-04 22:29:06,70.62,147.9,-14.71,98,73,0.81
10,Chuy,UY,2020-01-04 22:26:01,-33.69,-53.46,74.25,64,13,12.35
11,Sao Francisco De Paula,BR,2020-01-04 22:29:06,-29.45,-50.58,75.99,84,44,1.01
12,Te Anau,NZ,2020-01-04 22:29:06,-45.41,167.72,47.88,82,100,8.14
13,Faanui,PF,2020-01-04 22:29:07,-16.48,-151.75,81.45,77,100,12.1
14,Vaini,IN,2020-01-04 22:29:07,15.34,74.49,59.25,75,0,1.34
15,Carnarvon,ZA,2020-01-04 22:29:07,-30.97,22.13,72.52,24,0,14.58
16,Ust-Dzheguta,RU,2020-01-04 22:29:07,44.09,41.97,25.0,9,0,11.01
17,Ruteng,ID,2020-01-04 22:29:07,-8.61,120.46,70.02,99,100,4.32
18,Fortuna,US,2020-01-04 22:29:08,40.6,-124.16,55.99,71,40,10.29
19,Grand Gaube,MU,2020-01-04 22:29:08,-20.01,57.66,78.01,94,75,12.03
20,Gazanjyk,TM,2020-01-04 22:29:08,39.24,55.52,32.38,61,12,15.97
21,Roma,IT,2020-01-04 22:25:16,41.89,12.48,48.2,93,40,2.24
22,Cidreira,BR,2020-01-04 22:26:09,-30.17,-50.22,73.17,80,23,17.76
23,Bredasdorp,ZA,2020-01-04 22:29:08,-34.53,20.04,64.4,72,25,4.7
24,Maltahohe,NA,2020-01-04 22:29:09,-24.83,16.98,74.71,22,0,14.94
25,Tome,JP,2020-01-04 22:29:09,38.69,141.2,32.0,74,20,11.41
26,Piacabucu,BR,2020-01-04 22:29:09,-10.41,-36.43,79.34,79,100,12.62
27,Svetlogorsk,RU,2020-01-04 22:29:09,53.14,59.15,21.2,85,40,22.37
28,Georgetown,GY,2020-01-04 22:24:48,6.8,-58.16,82.4,74,20,6.93
29,Rikitea,PF,2020-01-04 22:25:53,-23.12,-134.97,77.2,77,67,16.6
30,Airai,TL,2020-01-04 22:29:10,-8.93,125.41,69.01,80,94,5.53
31,Albany,US,2020-01-04 22:29:10,42.65,-73.75,39.99,93,90,6.93
32,Mogwase,ZA,2020-01-04 22:29:10,-25.28,27.22,79.16,45,51,2.1
33,Saskylakh,RU,2020-01-04 22:29:10,71.97,114.09,-21.41,95,62,6.04
34,Hilo,US,2020-01-04 22:29:10,19.71,-155.08,82.4,65,1,4.7
35,Mareeba,AU,2020-01-04 22:29:11,-16.99,145.42,82.4,69,39,6.93
36,Lantawan,PH,2020-01-04 22:29:11,10.62,123.98,77.0,88,20,10.29
37,Sisimiut,GL,2020-01-04 22:29:11,66.94,-53.67,7.54,88,100,4.9
38,Puerto Ayora,EC,2020-01-04 22:29:11,-0.74,-90.35,84.2,58,20,14.99
39,Tasiilaq,GL,2020-01-04 22:26:11,65.61,-37.64,26.6,92,100,7.2
40,Mahibadhoo,MV,2020-01-04 22:29:11,3.78,72.97,81.75,77,58,8.16
41,Ushuaia,AR,2020-01-04 22:27:50,-54.81,-68.31,57.2,41,40,8.05
42,Bud,NO,2020-01-04 22:29:12,62.91,6.91,39.2,74,96,16.11
43,Thompson,CA,2020-01-04 22:26:28,55.74,-97.86,1.4,84,90,3.36
44,Castro,CL,2020-01-04 22:29:13,-42.48,-73.76,60.8,55,0,8.05
45,Ponta Do Sol,BR,2020-01-04 22:26:32,-20.63,-46.0,72.32,89,100,2.01
46,Margate,AU,2020-01-04 22:29:13,-43.03,147.26,59.0,41,75,10.29
47,Kapaa,US,2020-01-04 22:27:32,22.08,-159.32,80.6,78,90,23.04
48,New Norfolk,AU,2020-01-04 22:25:55,-42.78,147.06,59.0,41,75,10.29
49,Puerto Colombia,CO,2020-01-04 22:29:14,10.99,-74.96,84.2,70,41,11.41
50,Samarai,PG,2020-01-04 22:29:14,-10.62,150.67,79.09,81,26,1.25
51,Wanlaweyn,SO,2020-01-04 22:29:14,2.62,44.89,76.57,82,2,6.26
52,San Ramon De La Nueva Oran,AR,2020-01-04 22:29:14,-23.13,-64.33,87.01,60,69,2.68
53,Maldonado,UY,2020-01-04 22:29:14,-34.91,-54.96,75.2,64,20,14.99
54,Las Palmas,CO,2020-01-04 22:29:15,9.27,-75.33,83.25,73,88,9.78
55,Bambous Virieux,MU,2020-01-04 22:26:17,-20.34,57.76,78.01,94,75,13.6
56,Suraia,RO,2020-01-04 22:29:15,45.68,27.38,35.6,74,5,3.36
57,Ciudad Bolivar,VE,2020-01-04 22:27:00,8.12,-63.55,88.7,39,1,9.91
58,Never,RU,2020-01-04 22:29:16,53.98,124.16,-13.14,98,41,1.45
59,Lodwar,KE,2020-01-04 22:29:16,3.12,35.6,84.22,42,56,10.2
60,Arraial Do Cabo,BR,2020-01-04 22:29:16,-22.97,-42.02,77.0,94,75,4.7
61,Gunjur,GM,2020-01-04 22:29:17,13.18,-16.76,71.6,43,1,5.82
62,Tiksi,RU,2020-01-04 22:29:17,71.64,128.87,-16.85,86,77,7.58
63,Malanje,AO,2020-01-04 22:29:17,-9.54,16.35,64.65,99,100,2.08
64,Iqaluit,CA,2020-01-04 22:29:17,63.75,-68.52,-22.0,67,40,27.51
65,Goderich,CA,2020-01-04 22:29:17,43.74,-81.71,34.0,73,94,3.0
66,Busselton,AU,2020-01-04 22:29:17,-33.64,115.35,52.0,76,0,1.01
67,Port Hedland,AU,2020-01-04 22:29:18,-20.31,118.58,80.6,57,100,11.41
68,Ribeira Grande,PT,2020-01-04 22:26:03,38.52,-28.7,64.4,88,75,13.87
69,Suzhou,CN,2020-01-04 22:29:18,31.3,120.58,52.0,99,99,8.75
70,Jumla,NP,2020-01-04 22:29:18,29.28,82.18,17.22,85,53,4.68
71,Luganville,VU,2020-01-04 22:29:18,-15.51,167.18,84.2,70,75,9.17
72,Otradnoye,RU,2020-01-04 22:29:19,59.77,30.8,33.8,74,90,20.13
73,Kruisfontein,ZA,2020-01-04 22:29:19,-34.0,24.73,68.18,96,49,3.51
74,Husavik,CA,2020-01-04 22:27:18,50.56,-96.99,26.01,94,100,8.99
75,Saint-Francois,FR,2020-01-04 22:29:19,46.42,3.91,37.99,86,33,2.24
76,Molina,CL,2020-01-04 22:29:20,-35.11,-71.28,89.6,25,0,13.87
77,Klaksvik,FO,2020-01-04 22:29:20,62.23,-6.59,46.4,100,100,6.93
78,Yulara,AU,2020-01-04 22:29:20,-25.24,130.99,62.6,93,90,13.87
79,Atambua,ID,2020-01-04 22:29:20,-9.11,124.89,75.85,81,100,0.51
80,Iisalmi,FI,2020-01-04 22:29:21,63.56,27.19,26.6,79,90,16.11
81,Buraydah,SA,2020-01-04 22:29:21,26.33,43.97,55.4,54,40,11.41
82,Avarua,CK,2020-01-04 22:29:21,-21.21,-159.78,80.6,88,1,5.82
83,Ithaki,GR,2020-01-04 22:29:21,38.36,20.72,48.2,81,40,4.7
84,Praia Da Vitoria,PT,2020-01-04 22:27:38,38.73,-27.07,62.6,93,40,20.92
85,Norwich,GB,2020-01-04 22:29:15,52.63,1.29,45.0,81,74,8.05
86,Egersund,NO,2020-01-04 22:29:22,58.45,6.0,39.0,74,75,3.36
87,Linxia,CN,2020-01-04 22:29:22,35.6,103.21,23.43,90,100,3.51
88,Lekoni,GA,2020-01-04 22:29:22,-1.58,14.26,79.43,62,99,8.01
89,Lompoc,US,2020-01-04 22:27:45,34.64,-120.46,66.0,72,1,13.87
90,Jamestown,AU,2020-01-04 22:29:23,-33.21,138.6,55.47,52,99,15.46
91,Santa Cruz,BR,2020-01-04 22:29:23,-6.22,-36.02,80.49,63,28,10.45
92,Tuktoyaktuk,CA,2020-01-04 22:29:23,69.44,-133.03,-25.6,67,20,12.75
93,Cherskiy,RU,2020-01-04 22:29:23,68.75,161.3,-2.87,58,31,6.64
94,Qaanaaq,GL,2020-01-04 22:29:23,77.48,-69.36,-40.9,61,0,5.1
95,Leningradskiy,RU,2020-01-04 22:29:23,69.38,178.42,-9.0,62,34,1.07
96,Valparaiso,US,2020-01-04 22:29:24,41.47,-87.06,33.01,75,90,8.05
97,Xacmaz,AZ,2020-01-04 22:29:24,41.46,48.81,44.19,70,13,2.73
98,Saint-Philippe,CA,2020-01-04 22:29:24,45.36,-73.48,30.99,86,90,9.17
99,Mayumba,GA,2020-01-04 22:29:24,-3.44,10.65,80.76,84,100,7.38
100,Butaritari,KI,2020-01-04 22:26:07,3.07,172.79,84.61,78,38,15.12
101,Khatanga,RU,2020-01-04 22:29:25,71.98,102.47,-18.11,85,0,8.79
102,Bagdarin,RU,2020-01-04 22:29:25,54.44,113.59,10.72,85,100,1.92
103,Mahebourg,MU,2020-01-04 22:29:25,-20.41,57.7,78.01,94,75,6.85
104,Prieska,ZA,2020-01-04 22:29:26,-29.67,22.74,83.5,13,0,12.37
105,Hermanus,ZA,2020-01-04 22:29:26,-34.42,19.24,64.0,77,5,1.01
106,Ust-Maya,RU,2020-01-04 22:29:26,60.42,134.54,-29.16,97,51,2.51
107,Adrar,DZ,2020-01-04 22:29:26,27.87,-0.29,46.4,33,85,10.29
108,Altay,CN,2020-01-04 22:29:26,47.83,88.13,10.33,66,92,2.64
109,Moose Factory,CA,2020-01-04 22:29:27,51.26,-80.61,5.0,84,90,4.7
110,Severo-Kurilsk,RU,2020-01-04 22:29:27,50.68,156.12,14.34,73,100,3.11
111,La Ronge,CA,2020-01-04 22:24:35,55.1,-105.3,17.6,85,90,10.29
112,Mountain Home,US,2020-01-04 22:29:27,43.13,-115.69,46.4,49,1,17.22
113,Hobart,AU,2020-01-04 22:29:27,-42.88,147.33,59.0,41,75,10.29
114,Port Alfred,ZA,2020-01-04 22:26:08,-33.59,26.89,71.01,98,100,1.01
115,Khorixas,NA,2020-01-04 22:29:28,-20.37,14.96,71.38,77,100,2.62
116,Vardo,US,2020-01-04 22:29:28,39.62,-77.74,48.99,70,90,6.93
117,Buzmeyin,TM,2020-01-04 22:29:28,38.05,58.21,39.2,93,90,13.87
118,Xichang,CN,2020-01-04 22:29:28,27.88,102.25,35.98,96,98,9.26
119,Libertador General San Martin,AR,2020-01-04 22:29:29,-23.81,-64.79,75.97,75,99,5.03
120,Turukhansk,RU,2020-01-04 22:29:29,65.8,87.96,8.47,93,100,11.18
121,Devarkonda,IN,2020-01-04 22:29:29,16.69,78.91,69.21,95,14,4.32
122,Mount Gambier,AU,2020-01-04 22:26:20,-37.83,140.78,60.8,63,100,13.87
123,Oudtshoorn,ZA,2020-01-04 22:29:29,-33.59,22.2,68.0,94,0,8.05
124,Lebu,ET,2020-01-04 22:26:17,8.96,38.73,59.0,58,20,4.7
125,Nikolskoye,RU,2020-01-04 22:25:49,59.7,30.79,33.8,74,90,20.13
126,Namatanai,PG,2020-01-04 22:29:30,-3.66,152.44,77.4,90,100,3.02
127,Atikokan,CA,2020-01-04 22:29:30,48.76,-91.62,22.96,89,100,3.89
128,Algiers,US,2020-01-04 22:29:31,29.94,-90.04,64.4,36,1,6.93
129,Saint George,GR,2020-01-04 22:29:31,39.45,22.34,41.0,54,75,1.43
130,Kungurtug,RU,2020-01-04 22:29:31,50.6,97.53,-5.48,89,20,2.51
131,Nassau,AT,2020-01-04 22:29:31,46.81,15.34,39.0,64,40,5.82
132,Rio Gallegos,AR,2020-01-04 22:26:14,-51.62,-69.22,59.0,52,40,19.46
133,Hithadhoo,MV,2020-01-04 22:29:31,-0.6,73.08,83.03,68,99,4.38
134,Carbonia,IT,2020-01-04 22:29:32,39.17,8.53,53.6,81,20,10.29
135,Puerto Escondido,MX,2020-01-04 22:29:32,15.86,-97.07,86.0,70,40,5.82
136,Korba,IN,2020-01-04 22:29:32,22.35,82.71,54.97,81,8,7.29
137,Floro,NO,2020-01-04 22:29:32,61.6,5.03,37.99,74,93,11.41
138,Matara,BI,2020-01-04 22:29:33,-3.48,29.48,58.14,90,55,3.04
139,Ilulissat,GL,2020-01-04 22:27:05,69.22,-51.1,10.4,72,100,6.93
140,Mogadishu,SO,2020-01-04 22:29:33,2.04,45.34,80.65,83,0,15.14
141,Ardakan,IR,2020-01-04 22:29:33,32.31,54.02,37.4,100,90,2.24
142,Aksehir,TR,2020-01-04 22:29:34,38.36,31.42,35.76,59,0,7.94
143,Solbjerg,DK,2020-01-04 22:29:34,56.81,10.14,32.0,80,0,2.24
144,Moron,HT,2020-01-04 22:29:34,18.56,-74.26,80.19,69,7,3.38
145,Kavieng,PG,2020-01-04 22:29:34,-2.57,150.8,83.77,77,100,12.12
146,Esperance,AU,2020-01-04 22:29:34,-33.86,121.89,57.2,71,0,13.87
147,Half Moon Bay,US,2020-01-04 22:29:35,37.46,-122.43,61.0,76,1,11.41
148,Matay,EG,2020-01-04 22:29:35,28.42,30.79,39.88,69,0,4.61
149,Flin Flon,CA,2020-01-04 22:29:35,54.77,-101.88,14.0,85,90,9.17
150,Tuatapere,NZ,2020-01-04 22:29:35,-46.13,167.69,55.99,76,100,27.0
151,Hasaki,JP,2020-01-04 22:29:35,35.73,140.83,30.2,100,20,2.24
152,Grand-Santi,GF,2020-01-04 22:29:35,4.27,-54.38,80.17,75,95,4.79
153,Mount Isa,AU,2020-01-04 22:29:36,-20.73,139.49,89.6,49,98,6.93
154,Astoria,US,2020-01-04 22:29:36,46.19,-123.83,50.0,66,75,14.99
155,Sitka,US,2020-01-04 22:25:49,37.17,-99.65,59.0,35,0,10.0
156,Pitimbu,BR,2020-01-04 22:29:37,-7.47,-34.81,80.6,74,82,8.05
157,Kodiak,US,2020-01-04 22:29:37,39.95,-94.76,44.01,35,1,10.29
158,Lavrentiya,RU,2020-01-04 22:29:37,65.58,-170.99,-11.18,85,78,11.18
159,Ushtobe,KZ,2020-01-04 22:29:37,45.25,77.98,24.24,82,31,4.79
160,Ankang,CN,2020-01-04 22:29:37,32.73,108.99,37.9,86,100,2.59
161,Souillac,FR,2020-01-04 22:29:37,45.6,-0.6,39.0,93,0,1.12
162,Longyearbyen,NO,2020-01-04 22:29:38,78.22,15.63,5.0,65,20,9.17
163,Kahului,US,2020-01-04 22:29:38,20.89,-156.47,73.4,88,75,11.41
164,Victoria,BN,2020-01-04 22:29:38,5.28,115.24,80.6,83,75,2.24
165,Rocha,UY,2020-01-04 22:29:38,-34.48,-54.34,76.86,52,0,14.92
166,Kavaratti,IN,2020-01-04 22:29:39,10.57,72.64,80.37,69,66,8.88
167,Salalah,OM,2020-01-04 22:29:39,17.01,54.1,77.0,69,20,9.17
168,Olinda,AU,2020-01-04 22:29:39,-37.84,145.39,57.0,87,90,12.75
169,Napierville,CA,2020-01-04 22:29:39,45.19,-73.4,32.0,86,90,9.17
170,Yellowknife,CA,2020-01-04 22:29:39,62.45,-114.38,3.2,84,90,10.29
171,Senador Jose Porfirio,BR,2020-01-04 22:29:40,-2.59,-51.95,83.55,70,47,1.1
172,Pangnirtung,CA,2020-01-04 22:29:40,66.15,-65.72,-5.8,63,20,21.92
173,Nanortalik,GL,2020-01-04 22:29:40,60.14,-45.24,30.34,89,100,15.46
174,Kalmunai,LK,2020-01-04 22:29:40,7.42,81.82,81.66,75,6,8.43
175,Benghazi,LY,2020-01-04 22:29:41,32.12,20.07,60.73,65,25,12.84
176,Karratha,AU,2020-01-04 22:29:41,-20.74,116.85,83.57,73,100,17.98
177,Lima,PE,2020-01-04 22:29:41,-12.06,-77.04,73.4,83,40,10.29
178,Honningsvag,NO,2020-01-04 22:29:41,70.98,25.97,28.02,74,100,29.89
179,Kpandu,GH,2020-01-04 22:29:41,7.0,0.29,75.33,31,100,2.37
180,Quincy,US,2020-01-04 22:29:42,47.23,-119.85,48.2,45,1,23.04
181,San Patricio,PY,2020-01-04 22:27:09,-26.98,-56.83,90.84,31,0,3.33
182,Burns Lake,CA,2020-01-04 22:25:09,54.23,-125.76,27.95,81,86,5.39
183,Mao,DO,2020-01-04 22:29:42,19.55,-71.08,80.6,69,20,11.41
184,Nouadhibou,MR,2020-01-04 22:29:42,20.93,-17.03,62.6,45,0,9.17
185,Tiznit,MA,2020-01-04 22:28:29,29.7,-9.73,52.93,71,0,1.48
186,Pevek,RU,2020-01-04 22:29:43,69.7,170.27,-5.69,64,0,2.66
187,Coquimbo,CL,2020-01-04 22:25:16,-29.95,-71.34,62.6,77,40,11.41
188,Sonamukhi,IN,2020-01-04 22:29:43,23.3,87.41,64.31,74,100,4.76
189,Westport,US,2020-01-04 22:25:03,41.14,-73.36,50.0,100,90,5.44
190,Yishui,CN,2020-01-04 22:29:43,35.78,118.63,35.28,54,100,2.28
191,Sabya,SA,2020-01-04 22:29:44,17.15,42.62,80.6,78,40,8.05
192,Jimenez,PA,2020-01-04 22:29:44,8.54,-82.37,86.0,70,20,8.05
193,Port Lincoln,AU,2020-01-04 22:29:44,-34.72,135.86,58.98,78,100,17.2
194,Hirara,JP,2020-01-04 22:24:50,24.8,125.28,64.4,88,40,6.93
195,San Luis,AR,2020-01-04 22:25:41,-33.3,-66.34,97.84,22,51,9.44
196,Linjiang,CN,2020-01-04 22:29:45,41.81,126.91,4.93,97,59,2.21
197,Tura,RU,2020-01-04 22:27:02,64.27,100.22,1.31,94,100,6.6
198,Nirgua,VE,2020-01-04 22:29:45,10.15,-68.57,76.73,63,57,3.67
199,Aktau,KZ,2020-01-04 22:29:45,43.65,51.16,19.4,92,24,13.42
200,Arlit,NE,2020-01-04 22:29:45,18.74,7.39,59.49,24,0,18.97
201,Clyde River,CA,2020-01-04 22:29:46,70.47,-68.59,-32.8,73,5,11.41
202,Dikson,RU,2020-01-04 22:29:46,73.51,80.55,0.25,82,100,22.15
203,Baykit,RU,2020-01-04 22:29:46,61.68,96.39,11.86,91,100,7.23
204,Kuala Selangor,MY,2020-01-04 22:29:46,3.34,101.25,77.0,94,20,2.75
205,Hofn,IS,2020-01-04 22:29:46,64.25,-15.21,45.07,74,67,37.24
206,Cape Town,ZA,2020-01-04 22:29:46,-33.93,18.42,68.0,82,20,3.36
207,Iberia,PE,2020-01-04 22:29:47,-11.41,-69.49,82.13,65,25,5.46
208,Jaru,BR,2020-01-04 22:29:47,-10.43,-62.48,78.28,94,100,4.05
209,Motala,IN,2020-01-04 22:29:47,20.68,76.21,59.59,67,0,6.76
210,Takapau,NZ,2020-01-04 22:29:48,-40.02,176.35,64.99,58,33,13.0
211,Zinacantan,MX,2020-01-04 22:29:48,16.76,-92.72,71.6,56,40,23.04
212,Zacualpan,MX,2020-01-04 22:29:48,21.25,-105.17,78.8,36,75,11.41
213,Bandar-E Anzali,IR,2020-01-04 22:29:48,37.47,49.46,49.8,85,99,6.4
214,Lagoa,PT,2020-01-04 22:29:48,37.14,-8.45,52.0,87,0,5.82
215,San Ignacio,PE,2020-01-04 22:29:49,-5.15,-79.0,81.21,50,31,3.62
216,Balabac,PH,2020-01-04 22:29:49,7.99,117.06,80.46,78,77,17.87
217,Drayton Valley,CA,2020-01-04 22:29:49,53.22,-114.98,30.76,71,100,13.49
218,Luderitz,NA,2020-01-04 22:29:49,-26.65,15.16,62.53,87,0,25.5
219,Pisco,PE,2020-01-04 22:29:49,-13.71,-76.2,73.0,30,89,24.16
220,Bluff,AU,2020-01-04 22:29:50,-23.58,149.07,72.23,72,59,8.48
221,Acapulco,MX,2020-01-04 22:27:39,16.86,-99.88,86.0,66,40,4.7
222,Simojovel,MX,2020-01-04 22:29:50,17.14,-92.71,54.86,99,100,4.56
223,Hambantota,LK,2020-01-04 22:29:50,6.12,81.12,75.2,100,7,3.36
224,Kholodnyy,RU,2020-01-04 22:29:50,62.72,147.95,-8.01,100,85,1.39
225,Brainerd,US,2020-01-04 22:25:47,46.36,-94.2,24.8,79,90,9.17
226,Aykhal,RU,2020-01-04 22:29:51,65.95,111.51,-20.2,75,15,4.47
227,Necochea,AR,2020-01-04 22:26:03,-38.55,-58.74,75.83,56,3,13.33
228,Kargopol,RU,2020-01-04 22:29:51,61.51,38.95,30.31,95,99,6.85
229,Maketu,NZ,2020-01-04 22:29:51,-37.76,176.45,68.0,64,66,15.99
230,Neryungri,RU,2020-01-04 22:29:52,56.66,124.71,4.55,90,82,5.32
231,Provideniya,RU,2020-01-04 22:29:52,64.42,-173.23,-12.82,78,60,10.63
232,Bethel,US,2020-01-04 22:26:44,60.79,-161.76,-9.4,76,1,8.05
233,Coruripe,BR,2020-01-04 22:29:52,-10.12,-36.18,79.43,80,65,15.19
234,Tarasovskiy,RU,2020-01-04 22:29:52,48.73,40.36,32.02,73,47,9.35
235,Jaguarao,BR,2020-01-04 22:29:52,-32.57,-53.38,70.0,74,36,14.79
236,Yacuiba,AR,2020-01-04 22:29:53,-22.01,-63.68,86.0,66,75,9.31
237,Murgab,TM,2020-01-04 22:29:53,37.5,61.97,39.2,86,90,9.17
238,Lata,IN,2020-01-04 22:29:53,30.78,78.62,-0.81,62,39,9.95
239,Marsabit,KE,2020-01-04 22:29:53,2.34,37.99,77.49,57,69,13.8
240,Codrington,AU,2020-01-04 22:29:54,-28.95,153.24,82.4,57,0,2.24
241,Gat,SN,2020-01-04 22:29:54,14.69,-16.54,77.0,60,30,10.29
242,Yerbogachen,RU,2020-01-04 22:29:54,61.28,108.01,-2.88,94,82,6.31
243,Tymovskoye,RU,2020-01-04 22:29:54,50.85,142.66,0.23,94,99,4.21
244,Fairbanks,US,2020-01-04 22:26:18,64.84,-147.72,-18.99,73,20,3.29
245,Aleksandrov Gay,RU,2020-01-04 22:25:02,50.14,48.57,27.73,83,95,11.7
246,Namibe,AO,2020-01-04 22:29:55,-15.19,12.15,75.63,89,99,10.27
247,Novoagansk,RU,2020-01-04 22:29:55,61.94,76.66,18.3,94,100,14.12
248,Luba,PH,2020-01-04 22:29:55,17.32,120.7,68.83,79,65,4.88
249,Cassia,US,2020-01-04 22:29:55,28.89,-81.47,69.01,82,1,8.05
250,Ponta Delgada,PT,2020-01-04 22:29:56,37.73,-25.67,62.6,93,20,10.29
251,Basco,US,2020-01-04 22:29:56,40.33,-91.2,39.0,74,1,8.05
252,Chifeng,CN,2020-01-04 22:29:56,42.27,118.96,14.9,72,0,4.05
253,Kampong Thum,KH,2020-01-04 22:29:56,12.71,104.89,70.2,65,54,8.19
254,Macia,MZ,2020-01-04 22:29:57,-25.03,33.09,75.81,72,57,3.11
255,Komsomolskiy,RU,2020-01-04 22:29:57,67.55,63.78,25.43,90,78,17.94
256,East London,ZA,2020-01-04 22:29:57,-33.02,27.91,76.12,93,48,11.74
257,Saldanha,PT,2020-01-04 22:25:57,41.42,-6.55,38.01,86,0,4.61
258,Byron Bay,AU,2020-01-04 22:27:41,-28.65,153.62,82.4,61,5,8.05
259,Prainha,BR,2020-01-04 22:29:58,-1.8,-53.48,88.99,54,78,2.66
260,Mar Del Plata,AR,2020-01-04 22:27:36,-46.43,-67.52,64.15,42,17,13.82
261,Geraldton,CA,2020-01-04 22:29:58,49.72,-86.95,15.8,78,90,10.29
262,Maragogi,BR,2020-01-04 22:28:56,-9.01,-35.22,80.29,76,100,14.43
263,Chapais,CA,2020-01-04 22:29:59,49.78,-74.86,8.6,84,90,6.93
264,Morristown,US,2020-01-04 22:29:59,36.21,-83.29,43.0,60,90,10.29
265,Alofi,NU,2020-01-04 22:29:59,-19.06,-169.92,84.2,66,0,10.29
266,Evensk,RU,2020-01-04 22:29:59,61.92,159.24,8.55,50,66,8.12
267,Alyangula,AU,2020-01-04 22:30:00,-13.85,136.42,84.2,83,99,2.24
268,Gornozavodsk,RU,2020-01-04 22:30:00,58.37,58.33,26.1,94,100,11.63
269,Zhigansk,RU,2020-01-04 22:30:00,66.77,123.37,-20.09,94,100,10.76
270,Ravar,IR,2020-01-04 22:30:00,31.27,56.81,44.65,94,100,7.34
271,Huambo,AO,2020-01-04 22:30:01,-12.78,15.73,60.19,98,100,3.87
272,College,US,2020-01-04 22:30:01,64.86,-147.8,-18.99,73,20,2.84
273,Looc,PH,2020-01-04 22:30:01,10.32,123.95,77.0,88,20,10.29
274,Severo-Yeniseyskiy,RU,2020-01-04 22:30:01,60.37,93.04,10.09,87,100,13.62
275,Camaqua,BR,2020-01-04 22:30:01,-30.85,-51.81,66.52,84,29,5.41
276,Padang,ID,2020-01-04 22:30:02,-0.92,100.36,69.58,89,85,5.99
277,Muroto,JP,2020-01-04 22:30:02,33.37,134.14,46.4,49,75,12.75
278,Varhaug,NO,2020-01-04 22:30:02,58.61,5.65,41.0,58,75,3.36
279,Kologriv,RU,2020-01-04 22:30:02,58.83,44.31,27.37,96,98,7.56
280,Goure,NE,2020-01-04 22:30:03,13.98,10.27,62.01,29,37,11.01
281,Nuuk,GL,2020-01-04 22:30:03,64.17,-51.74,23.0,85,100,10.29
282,Alta Floresta,BR,2020-01-04 22:27:00,-9.87,-56.08,84.2,74,40,2.24
283,Valparai,IN,2020-01-04 22:30:03,10.33,76.96,78.8,88,20,2.35
284,Ancud,CL,2020-01-04 22:30:03,-41.87,-73.83,60.8,55,12,8.05
285,Nome,US,2020-01-04 22:30:04,30.04,-94.42,68.0,34,1,6.93
286,Norman Wells,CA,2020-01-04 22:26:51,65.28,-126.83,-18.4,68,75,6.93
287,Kainantu,PG,2020-01-04 22:30:04,-6.29,145.87,74.68,68,88,1.19
288,Villa Corzo,MX,2020-01-04 22:30:05,16.19,-93.27,71.6,56,40,23.04
289,Sao Joao Da Barra,BR,2020-01-04 22:26:25,-21.64,-41.05,78.8,83,75,6.93
290,Touros,BR,2020-01-04 22:27:12,-5.2,-35.46,80.6,74,20,10.29
291,Bukama,CD,2020-01-04 22:30:05,-9.2,25.85,69.37,98,100,2.42
292,Beloha,MG,2020-01-04 22:27:06,-25.17,45.06,73.22,85,0,13.18
293,Yar-Sale,RU,2020-01-04 22:26:21,66.83,70.83,28.74,95,100,15.77
294,Vostok,RU,2020-01-04 22:30:06,46.45,135.83,-5.93,96,100,4.52
295,Chunoyar,RU,2020-01-04 22:30:06,57.45,97.32,6.8,93,90,5.32
296,Suntar,RU,2020-01-04 22:30:06,62.16,117.65,-4.34,99,91,4.52
297,Belle Fourche,US,2020-01-04 22:28:50,44.67,-103.85,54.0,27,1,25.28
298,Vila Velha,BR,2020-01-04 22:30:06,-3.71,-38.6,86.0,69,20,5.82
299,Eureka,US,2020-01-04 22:30:07,40.8,-124.16,55.99,66,1,10.29
300,Artigas,BR,2020-01-04 22:30:07,-30.4,-56.46,74.75,57,24,8.61
301,San Carlos De Bariloche,AR,2020-01-04 22:30:07,-41.13,-71.31,69.8,53,0,23.04
302,Udachnyy,RU,2020-01-04 22:25:29,66.42,112.4,-20.2,75,0,4.47
303,Grindavik,IS,2020-01-04 22:30:08,63.84,-22.43,39.2,80,75,25.28
304,Port-Gentil,GA,2020-01-04 22:30:08,-0.72,8.78,80.6,94,75,8.05
305,Fare,PF,2020-01-04 22:30:08,-16.7,-151.02,81.82,77,100,9.37
306,San Quintin,PH,2020-01-04 22:30:08,17.54,120.52,73.04,73,43,4.72
307,Mehamn,NO,2020-01-04 22:30:08,71.03,27.85,23.52,75,100,27.18
308,Sao Filipe,CV,2020-01-04 22:30:08,14.9,-24.5,70.2,76,20,14.07
309,Locri,IT,2020-01-04 22:30:09,38.24,16.26,57.99,76,40,5.82
310,Tual,ID,2020-01-04 22:30:09,-5.67,132.75,83.25,78,100,14.12
311,Broken Hill,AU,2020-01-04 22:30:09,-31.97,141.45,66.2,29,57,29.97
312,Ongandjera,NA,2020-01-04 22:30:09,-17.88,15.07,67.44,85,100,11.05
313,Mariental,BR,2020-01-04 22:30:09,-25.72,-49.65,64.0,100,75,6.93
314,Azanka,RU,2020-01-04 22:30:10,58.04,64.79,25.88,92,95,9.4
315,Novikovo,RU,2020-01-04 22:30:10,51.15,37.89,29.48,97,100,6.22
316,Brejo Da Madre De Deus,BR,2020-01-04 22:30:10,-8.14,-36.37,73.78,67,88,8.5
317,Calama,CL,2020-01-04 22:30:10,-22.46,-68.93,71.6,40,40,25.28
318,Nemuro,JP,2020-01-04 22:30:11,43.32,145.57,24.28,64,12,17.94
319,Rurrenabaque,BO,2020-01-04 22:30:11,-14.44,-67.53,89.6,66,40,6.93
320,Puerto Madryn,AR,2020-01-04 22:30:11,-42.77,-65.04,60.55,58,0,19.89
321,Meridian,US,2020-01-04 22:30:11,43.61,-116.39,50.0,36,20,12.75
322,Makubetsu,JP,2020-01-04 22:30:12,42.84,143.34,17.04,70,33,4.07
323,Cartagena,ES,2020-01-04 22:30:12,37.63,-1.0,46.99,100,4,4.7
324,Mafeteng,LS,2020-01-04 22:30:12,-29.82,27.24,68.41,47,52,8.41
325,Abu Kamal,SY,2020-01-04 22:30:12,34.45,40.92,48.52,68,55,8.19
326,Ahipara,NZ,2020-01-04 22:30:12,-35.17,173.16,64.08,72,100,15.21
327,Hobyo,SO,2020-01-04 22:30:13,5.35,48.53,77.04,84,4,12.39
328,Narsaq,GL,2020-01-04 22:30:13,60.91,-46.05,24.8,92,100,4.7
329,Springbok,ZA,2020-01-04 22:26:00,-29.67,17.88,59.36,66,0,12.37
330,Borda Da Mata,BR,2020-01-04 22:30:13,-22.27,-46.17,73.0,90,99,3.98
331,Bourail,NC,2020-01-04 22:30:13,-21.57,165.5,83.28,47,6,8.77
332,Kyabe,TD,2020-01-04 22:30:14,9.45,18.94,68.29,27,22,5.17
333,Torbay,CA,2020-01-04 22:30:14,47.66,-52.73,33.01,91,90,6.93
334,Ekuvukeni,ZA,2020-01-04 22:30:14,-28.47,30.16,67.24,71,90,3.91
335,Baracoa,CU,2020-01-04 22:30:14,20.35,-74.5,78.67,76,2,5.64
336,Knysna,ZA,2020-01-04 22:30:15,-34.04,23.05,68.0,94,46,8.05
337,Constitucion,MX,2020-01-04 22:30:15,23.99,-104.67,59.0,18,5,1.32
338,Vila Franca Do Campo,PT,2020-01-04 22:30:15,37.72,-25.43,62.6,93,20,10.29
339,Ayan,IR,2020-01-04 22:30:15,38.23,44.7,12.81,82,62,8.34
340,Hatsukaichi,JP,2020-01-04 22:30:15,34.36,132.28,41.0,75,75,6.93
341,Ostrovnoy,RU,2020-01-04 22:30:15,68.05,39.51,21.9,91,100,20.07
342,Port Augusta,AU,2020-01-04 22:27:20,-32.49,137.76,54.0,84,100,1.99
343,Bintulu,MY,2020-01-04 22:30:16,3.17,113.03,75.2,100,75,1.12
344,Chubbuck,US,2020-01-04 22:30:16,42.93,-112.47,39.0,74,75,23.04
345,Melito Di Porto Salvo,IT,2020-01-04 22:30:16,37.92,15.77,57.99,76,40,5.82
346,Saint Anthony,US,2020-01-04 22:30:17,43.97,-111.68,35.01,74,75,16.11
347,Cumbum,IN,2020-01-04 22:30:17,15.58,79.11,69.46,97,40,4.88
348,Doha,QA,2020-01-04 22:26:28,25.29,51.53,73.4,35,14,4.7
349,Isangel,VU,2020-01-04 22:30:18,-19.55,169.27,82.4,61,19,11.41
350,Novopokrovka,UA,2020-01-04 22:30:18,49.84,36.56,32.0,97,75,4.47
351,Port Pirie,AU,2020-01-04 22:30:18,-33.18,138.01,59.29,54,100,10.54
352,Seydi,NE,2020-01-04 22:30:18,13.34,7.75,58.46,29,0,12.17
353,Calbuco,CL,2020-01-04 22:29:04,-41.77,-73.13,62.6,55,75,12.75
354,San Cristobal,HN,2020-01-04 22:30:19,14.68,-86.92,68.5,82,57,6.85
355,Inirida,CO,2020-01-04 22:30:19,3.87,-67.92,76.73,75,10,2.68
356,Sao Felix Do Xingu,BR,2020-01-04 22:30:19,-6.64,-51.99,73.08,89,93,1.45
357,Tabou,CI,2020-01-04 22:26:01,4.42,-7.36,73.47,62,0,3.13
358,Hato Mayor,DO,2020-01-04 22:30:20,18.76,-69.26,82.0,78,40,4.7
359,Katherine,AU,2020-01-04 22:30:20,-14.47,132.26,82.4,78,40,3.36
360,Marawi,PH,2020-01-04 22:27:16,8.0,124.29,70.0,88,8,8.01
361,Izazi,TZ,2020-01-04 22:30:21,-7.24,35.72,69.96,84,100,2.21
362,Caborca,MX,2020-01-04 22:30:21,30.58,-111.1,73.99,23,57,3.0
363,Muisne,EC,2020-01-04 22:30:21,0.61,-80.02,80.6,83,40,10.29
364,Morro Bay,US,2020-01-04 22:30:21,35.37,-120.85,64.0,77,1,8.05
365,Ciamis,ID,2020-01-04 22:30:22,-7.33,108.35,76.62,90,75,0.63
366,Blois,FR,2020-01-04 22:30:22,47.59,1.33,42.8,93,90,2.24
367,Ust-Tsilma,RU,2020-01-04 22:30:22,65.44,52.15,24.85,83,81,12.06
368,Luangwa,MZ,2020-01-04 22:30:22,-15.62,30.4,70.05,93,92,0.65
369,Bay Roberts,CA,2020-01-04 22:30:22,47.58,-53.28,33.01,97,90,6.93
370,Namtsy,RU,2020-01-04 22:30:22,62.72,129.66,-31.0,66,100,4.47
371,Sambava,MG,2020-01-04 22:30:23,-14.27,50.17,72.41,97,80,1.68
372,Mezen,RU,2020-01-04 22:30:23,65.85,44.24,23.16,89,97,10.18
373,Dubbo,AU,2020-01-04 22:30:23,-32.25,148.6,96.8,16,0,13.87
374,Kawambwa,ZM,2020-01-04 22:30:23,-9.8,29.07,63.9,93,100,2.08
375,Kununurra,AU,2020-01-04 22:30:24,-15.77,128.74,82.4,83,88,7.87
376,Hohhot,CN,2020-01-04 22:30:24,40.81,111.65,12.2,72,33,6.71
377,Atar,MR,2020-01-04 22:30:24,20.52,-13.05,55.81,23,0,10.85
378,Upernavik,GL,2020-01-04 22:30:24,72.79,-56.15,-35.39,96,63,12.17
379,Biak,ID,2020-01-04 22:30:25,-0.91,122.88,78.8,85,100,2.53
380,Manuk Mangkaw,PH,2020-01-04 22:30:25,4.8,119.85,81.34,75,90,6.71
381,Pacific Grove,US,2020-01-04 22:25:44,36.62,-121.92,62.01,82,20,9.17
382,Vidim,CZ,2020-01-04 22:30:25,50.47,14.53,39.0,69,40,21.92
383,Wellington,NZ,2020-01-04 22:26:16,-41.29,174.78,62.01,72,99,20.8
384,Launceston,AU,2020-01-04 22:30:26,-41.43,147.14,59.0,43,100,3.36
385,Saint-Joseph,FR,2020-01-04 22:30:26,43.56,6.97,52.0,87,0,4.7
386,Concarneau,FR,2020-01-04 22:30:26,47.88,-3.92,46.4,75,90,2.06
387,Otofuke,JP,2020-01-04 22:30:26,43.02,143.2,17.73,78,8,4.32
388,Bandarbeyla,SO,2020-01-04 22:30:27,9.49,50.81,77.05,78,53,16.04
389,Fairview,CA,2020-01-04 22:30:27,56.07,-118.38,15.8,61,75,12.75
390,Sinegorye,RU,2020-01-04 22:30:27,62.09,150.53,-3.69,92,36,2.06
391,Uusikaupunki,FI,2020-01-04 22:30:27,60.8,21.41,33.01,54,0,11.41
392,Birjand,IR,2020-01-04 22:30:28,32.86,59.22,42.8,93,90,16.11
393,Dingle,PH,2020-01-04 22:30:28,11.0,122.67,75.69,90,10,13.51
394,Mounana,GA,2020-01-04 22:30:28,-1.38,13.16,71.22,90,74,2.55
395,Sotik,KE,2020-01-04 22:30:28,-0.69,35.11,54.59,87,8,4.54
396,Anadyr,RU,2020-01-04 22:30:28,64.73,177.51,-32.8,66,0,11.18
397,Narrabri,AU,2020-01-04 22:30:29,-30.33,149.78,89.6,29,0,17.22
398,Cabo San Lucas,MX,2020-01-04 22:30:29,22.89,-109.91,82.0,60,5,4.7
399,Huarmey,PE,2020-01-04 22:30:29,-10.07,-78.15,70.11,75,96,5.23
400,Saravan,AM,2020-01-04 22:26:48,39.72,45.65,33.8,86,75,4.7
401,Tovarkovskiy,RU,2020-01-04 22:30:29,53.68,38.22,30.7,80,96,8.28
402,Callaway,US,2020-01-04 22:30:30,46.98,-95.91,24.8,79,90,9.17
403,Aklavik,CA,2020-01-04 22:30:30,68.22,-135.01,-22.0,67,40,6.93
404,San Rafael Del Sur,NI,2020-01-04 22:30:30,11.85,-86.44,91.4,38,20,9.17
405,Nantucket,US,2020-01-04 22:27:13,41.28,-70.1,46.4,93,90,4.7
406,Tete,MZ,2020-01-04 22:30:30,-16.16,33.59,73.4,100,90,6.93
407,Orange Cove,US,2020-01-04 22:30:30,36.62,-119.31,66.99,48,1,7.0
408,Leiyang,CN,2020-01-04 22:30:31,26.42,112.85,47.28,87,27,1.81
409,Hamilton,CA,2020-01-04 22:27:09,43.26,-79.87,37.0,74,90,9.17
410,Oksfjord,NO,2020-01-04 22:30:31,70.24,22.35,26.6,92,90,20.8
411,Pakokku,MM,2020-01-04 22:30:31,21.33,95.09,62.98,95,35,5.19
412,Waddan,LY,2020-01-04 22:30:32,29.16,16.14,45.95,69,0,3.04
413,Calamar,CO,2020-01-04 22:30:32,1.96,-72.65,74.93,67,49,2.13
414,Conceicao Do Mato Dentro,BR,2020-01-04 22:30:32,-19.04,-43.42,68.0,94,89,4.45
415,Mutare,MZ,2020-01-04 22:30:32,-18.97,32.67,63.82,97,13,2.98
416,Tessalit,ML,2020-01-04 22:30:33,20.2,1.01,51.84,30,29,11.34
417,Kurilsk,RU,2020-01-04 22:30:33,45.23,147.88,19.98,73,99,17.09
418,Gawler,AU,2020-01-04 22:30:33,-34.6,138.75,59.0,82,75,9.17
419,Lakes Entrance,AU,2020-01-04 22:30:33,-37.88,147.99,59.0,76,93,1.01
420,Santa Isabel Do Rio Negro,BR,2020-01-04 22:30:33,-0.41,-65.02,81.09,66,89,2.42
421,Maraa,BR,2020-01-04 22:30:34,-1.83,-65.37,80.94,64,92,1.79
422,Maloy,ID,2020-01-04 22:30:34,1.0,118.1,76.05,94,92,5.08
423,Grand-Bourg,GP,2020-01-04 22:30:34,15.88,-61.31,77.0,94,90,3.36
424,Raton,US,2020-01-04 22:27:15,36.9,-104.44,53.01,48,1,4.7
425,Caala,AO,2020-01-04 22:30:34,-12.85,15.56,60.19,98,100,3.87
426,Nabire,ID,2020-01-04 22:30:35,-3.36,135.5,75.45,96,100,0.87
427,Ceica,RO,2020-01-04 22:30:35,46.86,22.17,30.2,100,100,9.17
428,Umm Kaddadah,SD,2020-01-04 22:30:35,13.6,26.69,57.99,27,0,13.96
429,Sherghati,IN,2020-01-04 22:30:36,24.57,84.8,57.2,93,20,4.52
430,Tadine,NC,2020-01-04 22:27:31,-21.55,167.88,78.04,70,11,12.84
431,Faya,SA,2020-01-04 22:30:36,18.39,42.45,60.8,82,20,10.29
432,Quatre Cocos,MU,2020-01-04 22:30:36,-20.21,57.76,78.01,94,75,14.99
433,Pimentel,BR,2020-01-04 22:30:36,-3.7,-45.5,73.11,97,100,1.9
434,Conde,BR,2020-01-04 22:25:55,-11.81,-37.61,80.78,80,100,17.56
435,Platanos,GR,2020-01-04 22:30:37,35.47,23.6,59.0,87,20,11.41
436,Sucre,BO,2020-01-04 22:30:37,-19.05,-65.26,55.4,87,75,11.41
437,Makamba,BI,2020-01-04 22:30:37,-4.13,29.8,61.66,86,2,3.69
438,Kimbe,PG,2020-01-04 22:30:37,-5.56,150.15,89.82,57,97,1.81
439,Gien,FR,2020-01-04 22:30:38,47.69,2.63,44.01,98,99,2.98
440,Groningen,NL,2020-01-04 22:30:38,53.22,6.57,41.0,93,18,4.7
441,Gol,IN,2020-01-04 22:30:38,25.38,72.44,53.82,53,0,3.44
442,Cambridge,CA,2020-01-04 22:26:22,43.39,-80.31,36.0,80,90,14.99
443,San Pedro,AR,2020-01-04 22:30:39,-33.68,-59.66,80.01,25,0,1.99
444,Wattegama,LK,2020-01-04 22:26:46,7.35,80.68,69.49,96,16,2.26
445,Muros,ES,2020-01-04 22:26:43,42.77,-9.06,48.99,100,40,4.7
446,Tabuk,PH,2020-01-04 22:30:40,17.41,121.44,69.91,90,57,7.02
447,Zapolyarnyy,RU,2020-01-04 22:30:40,69.43,30.82,21.2,73,94,28.86
448,Kangaatsiaq,GL,2020-01-04 22:30:40,68.31,-53.46,15.37,83,100,23.49
449,Dawlatabad,AF,2020-01-04 22:30:40,36.41,64.91,40.77,81,0,7.61
450,Rio Grande,BR,2020-01-04 22:29:05,-32.03,-52.1,77.0,61,0,16.11
451,Minsk,BY,2020-01-04 22:28:57,53.9,27.56,32.0,92,75,4.47
452,Waunakee,US,2020-01-04 22:30:41,43.19,-89.46,30.99,68,1,9.17
453,Coos Bay,US,2020-01-04 22:30:41,43.37,-124.22,52.0,76,1,9.17
454,Jucurutu,BR,2020-01-04 22:27:39,-6.03,-37.02,82.9,60,100,14.74
455,Hami,CN,2020-01-04 22:30:41,42.84,93.51,14.77,62,0,0.63
456,Darlawn,IN,2020-01-04 22:30:42,24.02,92.93,53.44,99,74,2.04
457,Pemberton,AU,2020-01-04 22:30:42,-34.44,116.03,52.0,76,1,1.01
458,The Valley,AI,2020-01-04 22:30:43,18.22,-63.06,80.6,69,40,9.17
459,Anchorage,US,2020-01-04 22:26:24,61.22,-149.89,3.0,76,20,2.95
460,Pak Chong,TH,2020-01-04 22:30:43,14.71,101.42,73.99,47,1,2.77
461,Nova Granada,BR,2020-01-04 22:30:43,-20.53,-49.32,78.8,74,40,4.7
462,Havoysund,NO,2020-01-04 22:30:44,71.0,24.66,26.6,73,100,34.45
463,Mitsamiouli,KM,2020-01-04 22:30:44,-11.38,43.28,81.68,77,100,10.51
464,Katsuura,JP,2020-01-04 22:30:44,33.93,134.5,44.6,56,75,11.41
465,Garowe,SO,2020-01-04 22:30:44,8.41,48.48,71.51,79,34,11.81
466,Brezovo,BG,2020-01-04 22:30:45,42.93,26.01,46.4,65,100,16.11
467,Ende,ID,2020-01-04 22:30:45,-8.84,121.65,83.41,76,100,11.77
468,Vagur,FO,2020-01-04 22:27:19,61.47,-6.81,46.81,94,100,34.34
469,Bonavista,CA,2020-01-04 22:27:36,48.65,-53.11,29.03,85,68,9.4
470,Moranbah,AU,2020-01-04 22:26:36,-22.0,148.04,71.76,81,100,10.69
471,Menongue,AO,2020-01-04 22:30:46,-14.66,17.68,63.43,97,100,6.62
472,Port Macquarie,AU,2020-01-04 22:30:46,-31.43,152.91,82.99,69,90,8.05
473,Boa Vista,BR,2020-01-04 22:30:46,2.82,-60.67,89.6,40,20,6.93
474,Gondar,PT,2020-01-04 22:30:46,41.82,-8.78,48.99,93,0,6.93
475,Bilma,NE,2020-01-04 22:30:47,18.69,12.92,47.21,37,0,2.48
476,Khor,RU,2020-01-04 22:30:47,47.88,134.96,-8.39,99,89,5.32
477,Kariba,ZW,2020-01-04 22:30:47,-16.53,28.78,70.61,93,97,3.0
478,Lorengau,PG,2020-01-04 22:30:47,-2.02,147.27,84.88,72,95,8.95
479,Marienburg,DE,2020-01-04 22:30:47,52.12,9.98,41.0,93,75,4.7
480,Belmonte,PT,2020-01-04 22:25:52,40.36,-7.35,45.0,85,0,3.98
481,Las Matas De Farfan,DO,2020-01-04 22:30:48,18.87,-71.52,69.3,79,0,2.28
482,Umm Lajj,SA,2020-01-04 22:30:48,25.02,37.27,52.84,59,0,9.64
483,Kaitangata,NZ,2020-01-04 22:30:48,-46.28,169.85,53.56,73,99,32.99
484,Harper,US,2020-01-04 22:30:48,30.3,-99.24,71.6,16,1,3.96
485,Ixtapa,MX,2020-01-04 22:26:22,20.71,-105.21,78.8,41,40,6.93
486,Nago,IT,2020-01-04 22:30:49,45.88,10.89,45.0,75,0,3.36
487,Pueblo Nuevo,AR,2020-01-04 22:30:49,-32.93,-68.73,93.2,34,40,4.7
488,Requena,ES,2020-01-04 22:30:49,39.49,-1.1,46.99,93,7,5.82
489,Dedza,MW,2020-01-04 22:30:50,-14.38,34.33,65.07,92,100,1.19
490,Villacarrillo,ES,2020-01-04 22:30:50,38.12,-3.08,44.01,78,0,1.48
491,Sungairaya,ID,2020-01-04 22:30:50,0.7,108.9,77.38,86,0,5.84
492,Palauig,PH,2020-01-04 22:30:50,15.44,119.9,74.91,66,32,6.67
493,Chimbote,PE,2020-01-04 22:30:50,-9.08,-78.59,73.29,71,82,7.52
494,Ngunguru,NZ,2020-01-04 22:30:51,-35.62,174.5,70.0,58,88,5.01
495,Clarksburg,US,2020-01-04 22:29:51,39.24,-77.28,53.01,93,90,8.05
496,Myitkyina,MM,2020-01-04 22:30:51,25.38,97.4,54.52,98,68,1.43
497,Flinders,AU,2020-01-04 22:30:51,-34.58,150.85,72.0,77,90,9.17
498,Kedrovyy,RU,2020-01-04 22:30:52,56.17,91.82,6.8,92,69,2.24
499,Alice Springs,AU,2020-01-04 22:30:52,-23.7,133.88,68.0,77,40,10.29
500,Haikou,CN,2020-01-04 22:30:52,20.04,110.34,62.6,100,60,4.47
501,Mackay,CA,2020-01-04 22:30:53,53.65,-115.58,33.8,55,40,18.34
502,Pinega,RU,2020-01-04 22:30:53,64.7,43.39,22.46,96,90,5.68
503,Dudinka,RU,2020-01-04 22:30:53,69.41,86.18,1.4,77,100,22.37
504,Itapaci,BR,2020-01-04 22:30:53,-14.95,-49.55,69.8,97,100,5.53
505,Winnemucca,US,2020-01-04 22:30:53,40.97,-117.74,50.0,37,1,10.29
506,Dumai,ID,2020-01-04 22:28:45,1.68,101.45,74.73,85,100,4.09
507,Aksarka,RU,2020-01-04 22:30:54,66.56,67.8,27.09,87,99,16.35
508,Tevaitoa,PF,2020-01-04 22:30:54,-16.78,-151.5,81.79,74,100,9.35
509,Maple Creek,CA,2020-01-04 22:30:54,49.91,-109.46,35.28,59,71,19.06
510,Portland,US,2020-01-04 22:26:53,43.66,-70.25,37.4,91,90,6.93
511,Carutapera,BR,2020-01-04 22:30:55,-1.2,-46.02,81.81,76,100,9.89
512,Kuytun,RU,2020-01-04 22:30:55,54.34,101.51,15.53,94,100,3.78
513,Talnakh,RU,2020-01-04 22:30:55,69.49,88.39,1.4,77,100,22.37
514,Blagoyevo,RU,2020-01-04 22:30:55,63.37,47.92,26.92,93,100,6.49
515,Cockburn Town,TC,2020-01-04 22:30:55,21.46,-71.14,78.8,78,40,13.87
516,Resavica,RS,2020-01-04 22:30:56,44.04,21.58,30.87,88,86,4.05
517,Mitzic,GA,2020-01-04 22:30:56,0.78,11.55,70.7,92,0,3.04
518,Ardmore,US,2020-01-04 22:30:56,34.99,-86.85,42.01,60,90,20.8
519,Naze,NG,2020-01-04 22:30:56,5.43,7.07,73.4,73,99,2.3
520,Synya,RU,2020-01-04 22:30:57,65.37,58.04,23.5,84,30,13.98
521,Manakara,MG,2020-01-04 22:30:57,-22.14,48.01,72.09,96,13,5.14
522,Kemin,KG,2020-01-04 22:30:57,42.79,75.7,20.52,51,11,8.12
523,Bhawana,PK,2020-01-04 22:30:57,31.57,72.65,48.74,53,48,6.35
524,Shushtar,IR,2020-01-04 22:30:58,32.05,48.86,55.18,67,0,1.48
525,Coahuayana,MX,2020-01-04 22:30:58,18.62,-100.35,79.7,36,0,2.21
526,Solwezi,ZM,2020-01-04 22:30:58,-12.18,26.4,60.55,99,100,1.57
527,Awjilah,LY,2020-01-04 22:30:58,29.14,21.3,48.74,81,0,8.14
528,Tautira,PF,2020-01-04 22:30:58,-17.73,-149.15,87.8,66,40,9.17
529,Guerrero Negro,MX,2020-01-04 22:26:43,27.97,-114.04,71.6,23,0,3.0
530,Pochutla,MX,2020-01-04 22:30:59,15.74,-96.47,87.01,62,20,6.93
531,Jonkoping,SE,2020-01-04 22:30:59,57.78,14.16,32.0,59,0,12.75
532,Dhidhdhoo,MV,2020-01-04 22:30:59,6.88,73.1,81.61,80,29,12.17
533,Evanston,US,2020-01-04 22:30:59,42.04,-87.69,32.0,72,90,10.29
534,Khani,GE,2020-01-04 22:31:00,41.96,42.96,33.8,86,64,4.7
535,Taoudenni,ML,2020-01-04 22:31:00,22.68,-3.98,55.87,25,0,9.57
536,Falun,SE,2020-01-04 22:31:00,60.61,15.63,32.0,68,0,9.17
537,Galich,RU,2020-01-04 22:31:00,58.38,42.35,25.86,96,97,6.91
538,Yerkoy,TR,2020-01-04 22:31:00,39.64,34.47,27.43,95,84,3.24
539,Turayf,SA,2020-01-04 22:31:01,31.68,38.65,42.8,93,17,11.41
540,Keetmanshoop,NA,2020-01-04 22:31:01,-26.57,18.15,80.6,21,21,17.22
541,Akdepe,TM,2020-01-04 22:31:01,42.05,59.39,23.0,79,32,6.93
542,Carora,VE,2020-01-04 22:31:01,10.17,-70.08,71.2,69,3,3.98
543,Praia,BR,2020-01-04 22:31:02,-20.25,-43.81,77.0,69,75,5.82
544,Xining,CN,2020-01-04 22:31:02,36.62,101.77,18.07,96,90,3.94
545,Celestun,MX,2020-01-04 22:31:02,20.87,-90.4,72.68,72,29,22.64
546,Stavern,NO,2020-01-04 22:31:02,59.0,10.03,33.8,56,20,4.7
547,Tilichiki,RU,2020-01-04 22:31:02,60.47,166.1,-1.66,66,92,5.84
548,Port-Cartier,CA,2020-01-04 22:31:03,50.03,-66.88,23.0,92,75,5.12
549,Kijang,KR,2020-01-04 22:31:03,35.24,129.21,28.4,68,0,8.05
550,Kasulu,TZ,2020-01-04 22:31:03,-4.57,30.11,62.28,89,19,1.97
551,Vao,EE,2020-01-04 22:31:03,59.1,26.19,30.27,66,42,11.21
552,Joniskis,LT,2020-01-04 22:31:03,56.24,23.62,33.8,80,56,10.29
