City_ID,City_ID,City,Country,Date,Lat,Lng,Max Temp,Humidity,Cloudiness,Wind Speed,Current Description,Rain Inches (last 3 hrs),Snow Inches (last 3 hrs)
0,0,Mataura,NZ,2020-01-05 06:15:09,-46.19,168.86,55.99,68,51,15.01,broken clouds,0.0,0.0
1,1,Vila Velha,BR,2020-01-05 06:15:09,-3.71,-38.6,86.0,78,20,4.7,few clouds,0.0,0.0
2,2,Nizhnekamsk,RU,2020-01-05 06:15:10,55.64,51.82,30.2,92,90,17.9,mist,0.0,0.0
3,3,Tuktoyaktuk,CA,2020-01-05 06:15:10,69.44,-133.03,-25.6,67,40,11.41,scattered clouds,0.0,0.0
4,4,New Norfolk,AU,2020-01-05 06:15:10,-42.78,147.06,69.01,42,0,17.22,clear sky,0.0,0.0
5,5,Talnakh,RU,2020-01-05 06:15:10,69.49,88.39,8.6,84,90,35.79,overcast clouds,0.0,0.0
6,6,Nikolskoye,RU,2020-01-05 06:15:10,59.7,30.79,32.0,83,75,20.13,broken clouds,0.0,0.0
7,7,Lazaro Cardenas,MX,2020-01-05 06:15:10,28.39,-105.62,41.0,47,0,5.01,clear sky,0.0,0.0
8,8,Homer,US,2020-01-05 06:15:11,59.64,-151.54,16.0,71,1,6.69,clear sky,0.0,0.0
9,9,Saint George,GR,2020-01-05 06:15:11,39.45,22.34,39.99,69,40,3.36,scattered clouds,0.0,0.0
10,10,Punta Arenas,CL,2020-01-05 06:15:11,-53.16,-70.91,48.2,87,90,9.17,light rain,0.0,0.0
11,11,Roma,IT,2020-01-05 06:13:11,41.89,12.48,46.99,93,0,8.05,clear sky,0.0,0.0
12,12,Mabay,CU,2020-01-05 06:15:11,20.35,-76.78,71.6,94,5,1.12,fog,0.0,0.0
13,13,Ribeira Grande,PT,2020-01-05 06:15:12,38.52,-28.7,60.82,89,100,20.29,light rain,0.69,0.0
14,14,Kanbe,MM,2020-01-05 06:15:12,16.71,96.0,87.8,89,0,6.93,clear sky,0.0,0.0
15,15,Dwarka,IN,2020-01-05 06:15:12,28.58,77.04,63.0,72,20,8.05,smoke,0.0,0.0
16,16,Norman Wells,CA,2020-01-05 06:15:12,65.28,-126.83,-20.2,75,75,6.93,light snow,0.0,0.0
17,17,Dikson,RU,2020-01-05 06:15:12,73.51,80.55,7.5,89,100,22.7,light snow,0.0,0.5
18,18,Rikitea,PF,2020-01-05 06:15:13,-23.12,-134.97,75.9,72,42,16.87,scattered clouds,0.0,0.0
19,19,Shingu,JP,2020-01-05 06:15:13,33.72,135.99,48.2,45,40,18.34,scattered clouds,0.0,0.0
20,20,Albany,US,2020-01-05 06:15:13,42.65,-73.75,36.0,80,90,10.29,overcast clouds,0.0,0.0
21,21,Serramanna,IT,2020-01-05 06:15:13,39.42,8.92,51.8,87,40,11.41,scattered clouds,0.0,0.0
22,22,Tilichiki,RU,2020-01-05 06:15:13,60.47,166.1,-6.25,61,41,6.2,scattered clouds,0.0,0.0
23,23,Hit,IQ,2020-01-05 06:15:13,33.64,42.83,51.78,51,19,6.98,few clouds,0.0,0.0
24,24,Chuy,UY,2020-01-05 06:15:14,-33.69,-53.46,65.34,86,0,7.78,clear sky,0.0,0.0
25,25,Santa Lucia,IT,2020-01-05 06:15:14,41.98,12.66,46.99,93,0,8.05,clear sky,0.0,0.0
26,26,Nouakchott,MR,2020-01-05 06:15:14,18.08,-15.98,57.2,26,8,11.41,dust,0.0,0.0
27,27,Hobart,AU,2020-01-05 06:14:32,-42.88,147.33,69.01,42,5,17.22,clear sky,0.0,0.0
28,28,Lefka,GR,2020-01-05 06:15:14,39.1,22.35,39.99,69,40,3.36,scattered clouds,0.0,0.0
29,29,West Wendover,US,2020-01-05 06:15:15,40.74,-114.07,30.2,86,1,9.17,clear sky,0.0,0.0
30,30,Touros,BR,2020-01-05 06:15:15,-5.2,-35.46,75.2,88,75,3.36,broken clouds,0.0,0.0
31,31,Qaqortoq,GL,2020-01-05 06:15:15,60.72,-46.03,24.8,79,91,5.44,overcast clouds,0.0,0.0
32,32,Bluff,AU,2020-01-05 06:15:15,-23.58,149.07,88.99,40,90,16.22,overcast clouds,0.0,0.0
33,33,Vaini,IN,2020-01-05 06:15:15,15.34,74.49,75.2,60,20,9.17,mist,0.0,0.0
34,34,Torbay,CA,2020-01-05 06:15:16,47.66,-52.73,30.99,92,75,5.82,broken clouds,0.0,0.0
35,35,Longyearbyen,NO,2020-01-05 06:15:16,78.22,15.63,6.8,65,40,1.12,scattered clouds,0.0,0.0
36,36,Opunake,NZ,2020-01-05 06:15:17,-39.45,173.86,60.01,79,82,7.0,light rain,0.19,0.0
37,37,Soc Trang,VN,2020-01-05 06:15:17,9.6,105.98,84.2,74,40,3.36,scattered clouds,0.0,0.0
38,38,Mahebourg,MU,2020-01-05 06:15:17,-20.41,57.7,78.01,94,75,6.93,broken clouds,0.0,0.0
39,39,Phan Thiet,VN,2020-01-05 06:12:03,10.93,108.1,89.94,30,53,9.1,broken clouds,0.0,0.0
40,40,Timbiqui,CO,2020-01-05 06:15:18,2.77,-77.67,73.45,96,91,3.98,light rain,1.56,0.0
41,41,George,MW,2020-01-05 06:15:18,-15.35,34.83,72.27,92,100,2.15,light rain,0.69,0.0
42,42,Thinadhoo,MV,2020-01-05 06:15:18,0.53,72.93,83.16,72,79,6.02,light rain,1.81,0.0
43,43,Pitimbu,BR,2020-01-05 06:15:18,-7.47,-34.81,77.0,88,20,2.24,few clouds,0.0,0.0
44,44,Airai,TL,2020-01-05 06:15:19,-8.93,125.41,79.54,70,99,4.09,light rain,2.44,0.0
45,45,Pevek,RU,2020-01-05 06:15:19,69.7,170.27,-5.69,67,0,3.67,clear sky,0.0,0.0
46,46,Irondequoit,US,2020-01-05 06:15:19,43.21,-77.58,35.01,87,90,10.29,light rain,0.0,0.0
47,47,Jamestown,AU,2020-01-05 06:15:19,-33.21,138.6,54.86,80,100,7.65,light rain,2.69,0.0
48,48,Kapaa,US,2020-01-05 06:15:19,22.08,-159.32,73.4,94,90,19.46,light rain,0.0,0.0
49,49,Butaritari,KI,2020-01-05 06:15:20,3.07,172.79,84.74,78,82,11.52,light rain,0.88,0.0
50,50,Ushuaia,AR,2020-01-05 06:15:20,-54.81,-68.31,50.0,66,40,10.29,scattered clouds,0.0,0.0
51,51,Tazovskiy,RU,2020-01-05 06:14:32,67.47,78.7,25.45,95,99,16.62,light snow,0.0,0.81
52,52,Bubaque,GW,2020-01-05 06:15:20,11.28,-15.83,75.67,42,0,17.05,clear sky,0.0,0.0
53,53,Puerto Ayora,EC,2020-01-05 06:15:21,-0.74,-90.35,75.0,83,40,1.99,scattered clouds,0.0,0.0
54,54,Minas,UY,2020-01-05 06:15:21,-34.38,-55.24,68.0,77,0,5.82,clear sky,0.0,0.0
55,55,Ancud,CL,2020-01-05 06:15:21,-41.87,-73.83,51.8,76,60,4.7,broken clouds,0.0,0.0
56,56,Riyadh,SA,2020-01-05 06:10:40,24.63,46.72,55.4,93,75,8.05,thunderstorm,0.0,0.0
57,57,Busselton,AU,2020-01-05 06:15:21,-33.64,115.35,89.01,10,32,10.07,scattered clouds,0.0,0.0
58,58,Thompson,CA,2020-01-05 06:15:22,55.74,-97.86,5.0,84,90,6.93,light snow,0.0,0.0
59,59,Imbituba,BR,2020-01-05 06:15:22,-28.24,-48.67,69.8,100,75,6.93,light rain,0.0,0.0
60,60,Guerrero Negro,MX,2020-01-05 06:15:22,27.97,-114.04,60.22,54,0,4.14,clear sky,0.0,0.0
61,61,Taseyevo,RU,2020-01-05 06:15:23,57.22,94.9,22.84,79,75,7.23,broken clouds,0.0,0.0
62,62,Cape Town,ZA,2020-01-05 06:10:54,-33.93,18.42,72.0,88,75,9.17,broken clouds,0.0,0.0
63,63,Saskylakh,RU,2020-01-05 06:15:23,71.97,114.09,-21.05,93,17,7.65,few clouds,0.0,0.0
64,64,Muros,ES,2020-01-05 06:15:23,42.77,-9.06,45.0,100,0,3.36,mist,0.0,0.0
65,65,Tasiilaq,GL,2020-01-05 06:15:24,65.61,-37.64,28.4,68,100,5.82,overcast clouds,0.0,0.0
66,66,Port Elizabeth,US,2020-01-05 06:15:24,39.31,-74.98,44.01,70,90,11.41,light rain,0.0,0.0
67,67,Dali,CN,2020-01-05 06:15:24,34.79,109.94,37.78,90,100,15.39,light rain,2.06,0.0
68,68,Dingle,PH,2020-01-05 06:15:24,11.0,122.67,80.13,82,41,15.9,light rain,1.13,0.0
69,69,Beian,NO,2020-01-05 06:15:24,63.66,9.57,37.99,80,75,16.11,broken clouds,0.0,0.0
70,70,Uri,IN,2020-01-05 06:15:25,34.09,74.03,33.19,63,82,7.54,broken clouds,0.0,0.0
71,71,Georgetown,GY,2020-01-05 06:11:15,6.8,-58.16,77.95,76,36,12.73,scattered clouds,0.0,0.0
72,72,Chokurdakh,RU,2020-01-05 06:15:25,70.62,147.9,-14.84,96,60,5.88,broken clouds,0.0,0.0
73,73,Broome,GB,2020-01-05 06:15:25,52.47,1.45,45.0,81,90,6.93,overcast clouds,0.0,0.0
74,74,East London,ZA,2020-01-05 06:15:25,-33.02,27.91,73.4,94,90,17.22,overcast clouds,0.0,0.0
75,75,Hilo,US,2020-01-05 06:10:32,19.71,-155.08,75.2,78,75,3.36,broken clouds,0.0,0.0
76,76,Nanortalik,GL,2020-01-05 06:15:26,60.14,-45.24,30.36,77,97,18.05,overcast clouds,0.0,0.0
77,77,Mitchell,US,2020-01-05 06:12:39,43.71,-98.03,37.4,69,1,14.99,clear sky,0.0,0.0
78,78,Rio Negrinho,BR,2020-01-05 06:15:26,-26.26,-49.52,68.0,99,89,2.77,light rain,0.31,0.0
79,79,Lebu,ET,2020-01-05 06:15:26,8.96,38.73,60.8,63,20,4.7,few clouds,0.0,0.0
80,80,Hefei,CN,2020-01-05 06:15:27,31.82,117.22,48.2,100,90,6.71,mist,0.0,0.0
81,81,Seoul,KR,2020-01-05 06:13:33,37.57,126.98,42.8,33,1,2.24,clear sky,0.0,0.0
82,82,Mayo,CA,2020-01-05 06:15:27,63.59,-135.9,-13.0,69,75,8.05,broken clouds,0.0,0.0
83,83,Castro,CL,2020-01-05 06:12:58,-42.48,-73.76,51.8,76,80,4.7,light rain,0.19,0.0
84,84,Chittur,IN,2020-01-05 06:15:28,10.7,76.74,82.4,61,40,6.93,haze,0.0,0.0
85,85,Arraial Do Cabo,BR,2020-01-05 06:15:29,-22.97,-42.02,75.25,88,100,11.14,overcast clouds,0.0,0.0
86,86,Owando,CG,2020-01-05 06:15:29,-0.49,15.91,71.85,66,78,1.23,broken clouds,0.0,0.0
87,87,Faanui,PF,2020-01-05 06:15:29,-16.48,-151.75,81.32,78,83,11.07,light rain,0.63,0.0
88,88,Itarema,BR,2020-01-05 06:15:30,-2.92,-39.92,75.6,92,100,2.91,overcast clouds,0.0,0.0
89,89,Benguela,AO,2020-01-05 06:15:30,-12.58,13.4,77.38,78,100,3.85,light rain,0.87,0.0
90,90,Saldanha,PT,2020-01-05 06:15:30,41.42,-6.55,33.8,89,0,2.19,clear sky,0.0,0.0
91,91,Emerald,AU,2020-01-05 06:15:31,-23.53,148.16,95.0,24,5,8.05,clear sky,0.0,0.0
92,92,Clyde River,CA,2020-01-05 06:15:31,70.47,-68.59,-27.4,60,90,14.99,overcast clouds,0.0,0.0
93,93,Cabo San Lucas,MX,2020-01-05 06:15:31,22.89,-109.91,62.6,77,5,13.87,clear sky,0.0,0.0
94,94,Tigil,RU,2020-01-05 06:15:31,57.8,158.67,12.76,75,17,10.16,few clouds,0.0,0.0
95,95,Qaanaaq,GL,2020-01-05 06:15:31,77.48,-69.36,-39.08,51,0,5.97,clear sky,0.0,0.0
96,96,Hermanus,ZA,2020-01-05 06:15:32,-34.42,19.24,71.01,73,38,3.0,scattered clouds,0.0,0.0
97,97,Severo-Kurilsk,RU,2020-01-05 06:15:32,50.68,156.12,17.76,90,100,6.15,light snow,0.0,0.25
98,98,Canoa,CU,2020-01-05 06:15:32,22.56,-79.83,71.6,100,40,5.82,scattered clouds,0.0,0.0
99,99,North Myrtle Beach,US,2020-01-05 06:14:00,33.83,-78.68,50.0,39,1,11.41,clear sky,0.0,0.0
100,100,Coihaique,CL,2020-01-05 06:15:32,-45.58,-72.07,50.0,71,79,3.36,light rain,0.0,0.0
101,101,Batticaloa,LK,2020-01-05 06:15:33,7.71,81.69,84.65,63,23,6.71,few clouds,0.0,0.0
102,102,Hermiston,US,2020-01-05 06:15:33,45.84,-119.29,45.0,51,1,4.7,clear sky,0.0,0.0
103,103,Salym,RU,2020-01-05 06:15:33,60.06,71.48,23.7,94,100,10.02,overcast clouds,0.0,0.0
104,104,Nioro,GM,2020-01-05 06:15:33,13.79,-15.05,62.42,14,10,10.92,clear sky,0.0,0.0
105,105,Kurchum,KZ,2020-01-05 06:15:33,48.57,83.65,9.18,82,0,0.74,clear sky,0.0,0.0
106,106,Peace River,CA,2020-01-05 06:14:14,56.23,-117.29,-2.2,84,75,1.61,broken clouds,0.0,0.0
107,107,Nyurba,RU,2020-01-05 06:15:34,63.29,118.35,-17.36,98,91,1.34,overcast clouds,0.0,0.0
108,108,Kahului,US,2020-01-05 06:15:34,20.89,-156.47,75.2,78,20,14.99,few clouds,0.0,0.0
109,109,Khovu-Aksy,RU,2020-01-05 06:15:34,51.13,93.72,6.67,72,91,4.85,overcast clouds,0.0,0.0
110,110,Port Macquarie,AU,2020-01-05 06:15:34,-31.43,152.91,84.99,57,90,19.46,overcast clouds,0.0,0.0
111,111,Ilulissat,GL,2020-01-05 06:15:35,69.22,-51.1,12.2,72,100,6.93,overcast clouds,0.0,0.0
112,112,Vejle,DK,2020-01-05 06:15:35,55.7,9.53,37.99,92,6,3.36,clear sky,0.0,0.0
113,113,Khatanga,RU,2020-01-05 06:15:35,71.98,102.47,-21.17,88,0,8.86,clear sky,0.0,0.0
114,114,Tual,ID,2020-01-05 06:15:35,-5.67,132.75,83.39,75,100,11.12,light rain,2.0,0.0
115,115,Tiznit,MA,2020-01-05 06:15:36,29.7,-9.73,47.79,47,0,1.14,clear sky,0.0,0.0
116,116,Shimoda,JP,2020-01-05 06:15:36,34.7,138.93,51.8,37,20,5.82,few clouds,0.0,0.0
117,117,Repnoye,RU,2020-01-05 06:15:36,51.59,43.18,34.0,91,100,5.99,overcast clouds,0.0,0.06
118,118,Saint-Francois,FR,2020-01-05 06:15:36,46.42,3.91,37.0,86,90,3.36,overcast clouds,0.0,0.0
119,119,Saint-Philippe,CA,2020-01-05 06:15:36,45.36,-73.48,30.0,86,90,9.17,overcast clouds,0.0,0.0
120,120,Bam,IR,2020-01-05 06:15:37,29.11,58.36,62.53,62,73,7.54,light rain,0.87,0.0
121,121,Velikiy Ustyug,RU,2020-01-05 06:15:37,60.76,46.3,22.84,96,88,5.82,light snow,0.0,0.13
122,122,Port Alfred,ZA,2020-01-05 06:15:37,-33.59,26.89,71.01,98,100,10.0,light rain,0.37,0.0
123,123,Munchberg,DE,2020-01-05 06:15:38,50.2,11.78,34.0,95,90,4.32,overcast clouds,0.0,0.0
124,124,Iberia,PE,2020-01-05 06:15:38,-11.41,-69.49,69.46,99,100,1.79,overcast clouds,0.0,0.0
125,125,Kinablangan,PH,2020-01-05 06:15:38,7.69,126.55,77.59,83,19,6.06,light rain,1.31,0.0
126,126,Cidreira,BR,2020-01-05 06:15:38,-30.17,-50.22,72.59,83,12,15.99,light rain,0.19,0.0
127,127,Evans,US,2020-01-05 06:13:19,40.38,-104.69,50.0,36,1,13.87,clear sky,0.0,0.0
128,128,Marevo,BA,2020-01-05 06:15:38,43.57,18.7,32.0,97,90,2.24,light snow,0.0,0.0
129,129,Port Hawkesbury,CA,2020-01-05 06:15:04,45.62,-61.36,34.0,100,90,4.7,light snow,0.0,0.0
130,130,Carnarvon,ZA,2020-01-05 06:15:39,-30.97,22.13,71.24,49,8,4.63,clear sky,0.0,0.0
131,131,Labuhan,ID,2020-01-05 06:15:39,-2.54,115.51,86.14,63,100,3.27,light rain,0.19,0.0
132,132,Ballitoville,ZA,2020-01-05 06:15:39,-29.54,31.21,86.0,48,45,10.29,scattered clouds,0.0,0.0
133,133,Vytegra,RU,2020-01-05 06:15:40,61.01,36.45,30.25,92,99,8.19,light snow,0.0,0.38
134,134,Palmer,AU,2020-01-05 06:15:40,-34.85,139.16,64.0,51,75,13.87,broken clouds,0.0,0.0
135,135,Kampot,KH,2020-01-05 06:15:40,10.62,104.18,87.8,51,87,10.29,overcast clouds,0.0,0.0
136,136,Yellowknife,CA,2020-01-05 06:15:11,62.45,-114.38,0.0,84,90,13.87,light snow,0.0,0.0
137,137,Nueva Gerona,CU,2020-01-05 06:15:40,21.88,-82.8,76.14,85,17,21.81,light rain,0.31,0.0
138,138,Thenzawl,IN,2020-01-05 06:15:41,23.28,92.78,66.2,82,75,3.36,mist,0.0,0.0
139,139,Kodiak,US,2020-01-05 06:15:41,39.95,-94.76,37.99,51,1,14.99,clear sky,0.0,0.0
140,140,Atuona,PF,2020-01-05 06:15:41,-9.8,-139.03,81.03,70,0,5.41,clear sky,0.0,0.0
141,141,Lhokseumawe,ID,2020-01-05 06:15:41,5.18,97.15,82.53,64,42,4.59,scattered clouds,0.0,0.0
142,142,Birao,CF,2020-01-05 06:15:42,10.3,22.78,63.68,20,0,16.17,clear sky,0.0,0.0
143,143,Upernavik,GL,2020-01-05 06:15:42,72.79,-56.15,-35.79,91,57,9.44,broken clouds,0.0,0.0
144,144,Mount Isa,AU,2020-01-05 06:15:42,-20.73,139.49,104.0,19,40,8.05,scattered clouds,0.0,0.0
145,145,Vanimo,PG,2020-01-05 06:15:42,-2.67,141.3,81.61,76,100,3.36,light rain,1.31,0.0
146,146,Galle,GN,2020-01-05 06:15:42,10.08,-12.83,62.69,50,0,1.05,clear sky,0.0,0.0
147,147,Bathsheba,BB,2020-01-05 06:15:42,13.22,-59.52,77.0,73,40,8.05,scattered clouds,0.0,0.0
148,148,Champerico,MX,2020-01-05 06:15:43,16.38,-93.6,66.2,68,5,10.29,clear sky,0.0,0.0
149,149,Bohodukhiv,UA,2020-01-05 06:15:43,50.16,35.52,32.0,97,75,2.24,mist,0.0,0.0
150,150,Banda Aceh,ID,2020-01-05 06:15:43,5.56,95.32,87.19,56,35,9.04,scattered clouds,0.0,0.0
151,151,Rio Gallegos,AR,2020-01-05 06:15:43,-51.62,-69.22,53.6,66,100,16.11,overcast clouds,0.0,0.0
152,152,Isangel,VU,2020-01-05 06:15:44,-19.55,169.27,86.0,58,75,17.22,broken clouds,0.0,0.0
153,153,Yerbogachen,RU,2020-01-05 06:15:44,61.28,108.01,14.09,90,100,12.28,light snow,0.0,0.69
154,154,Tres Arroyos,AR,2020-01-05 06:15:44,-38.38,-60.28,62.17,92,84,5.59,light rain,1.12,0.0
155,155,Hithadhoo,MV,2020-01-05 06:15:44,-0.6,73.08,84.18,67,62,6.15,broken clouds,0.0,0.0
156,156,Kovylkino,RU,2020-01-05 06:15:45,54.04,43.91,27.73,95,100,7.07,overcast clouds,0.0,0.0
157,157,Ostrovnoy,RU,2020-01-05 06:15:45,68.05,39.51,15.73,85,100,25.3,light snow,0.0,1.13
158,158,Ponta Do Sol,BR,2020-01-05 06:15:45,-20.63,-46.0,66.27,93,84,2.51,light rain,0.25,0.0
159,159,Silver City,US,2020-01-05 06:15:45,32.77,-108.28,35.6,55,1,5.82,clear sky,0.0,0.0
160,160,Cayenne,GF,2020-01-05 06:15:45,4.94,-52.33,75.2,94,20,1.12,few clouds,0.0,0.0
161,161,Carlsbad,CZ,2020-01-05 06:15:46,50.23,12.87,33.01,80,75,12.75,broken clouds,0.0,0.0
162,162,Hualmay,PE,2020-01-05 06:15:46,-11.1,-77.61,67.78,86,100,2.46,overcast clouds,0.0,0.0
163,163,Katsuura,JP,2020-01-05 06:15:46,33.93,134.5,52.0,43,75,16.11,broken clouds,0.0,0.0
164,164,Agadez,NE,2020-01-05 06:15:46,16.97,7.99,50.0,43,0,6.93,clear sky,0.0,0.0
165,165,Sitka,US,2020-01-05 06:15:46,37.17,-99.65,37.0,73,16,3.0,few clouds,0.0,0.0
166,166,Ostersund,SE,2020-01-05 06:14:06,63.18,14.64,28.0,79,76,9.17,broken clouds,0.0,0.0
167,167,Barrow,AR,2020-01-05 06:15:47,-38.31,-60.23,62.46,92,88,6.71,light rain,0.56,0.0
168,168,Asahikawa,JP,2020-01-05 06:15:47,43.76,142.37,21.2,79,75,11.41,light shower snow,0.0,0.0
169,169,Kirakira,SB,2020-01-05 06:15:47,-10.46,161.92,82.9,74,59,8.39,broken clouds,0.0,0.0
170,170,Tiksi,RU,2020-01-05 06:15:48,71.64,128.87,-21.08,88,66,9.24,broken clouds,0.0,0.0
171,171,Maua,KE,2020-01-05 06:15:48,0.23,37.94,75.97,69,82,1.45,broken clouds,0.0,0.0
172,172,Angoche,MZ,2020-01-05 06:15:48,-16.23,39.91,82.08,80,100,3.36,overcast clouds,0.0,0.0
173,173,Sao Filipe,CV,2020-01-05 06:15:48,14.9,-24.5,69.42,75,11,15.88,few clouds,0.0,0.0
174,174,Lompoc,US,2020-01-05 06:11:49,34.64,-120.46,52.0,93,75,12.91,mist,0.0,0.0
175,175,Samarai,PG,2020-01-05 06:15:49,-10.62,150.67,82.89,77,100,4.32,light rain,2.56,0.0
176,176,Barra Patuca,HN,2020-01-05 06:15:49,15.8,-84.28,80.6,82,1,19.08,light rain,0.25,0.0
177,177,Leningradskiy,RU,2020-01-05 06:15:49,69.38,178.42,-10.46,57,0,2.64,clear sky,0.0,0.0
178,178,Batamshinskiy,KZ,2020-01-05 06:15:49,50.56,58.27,24.8,92,90,13.42,overcast clouds,0.0,0.0
179,179,Yulara,AU,2020-01-05 06:15:50,-25.24,130.99,66.2,88,90,12.75,overcast clouds,0.0,0.0
180,180,Torquay,GB,2020-01-05 06:15:50,50.47,-3.52,46.0,94,92,8.23,overcast clouds,0.0,0.0
181,181,San Patricio,PY,2020-01-05 06:15:50,-26.98,-56.83,70.97,68,0,4.65,clear sky,0.0,0.0
182,182,Adrar,DZ,2020-01-05 06:15:50,27.87,-0.29,33.8,43,3,8.05,clear sky,0.0,0.0
183,183,Bredasdorp,ZA,2020-01-05 06:15:51,-34.53,20.04,73.4,56,99,8.05,overcast clouds,0.0,0.0
184,184,Vallenar,CL,2020-01-05 06:15:51,-28.58,-70.76,54.0,96,0,1.16,clear sky,0.0,0.0
185,185,Huarmey,PE,2020-01-05 06:15:37,-10.07,-78.15,70.23,75,100,2.37,overcast clouds,0.0,0.0
186,186,Coihueco,CL,2020-01-05 06:15:52,-36.63,-71.83,52.2,68,9,12.12,clear sky,0.0,0.0
187,187,Cherskiy,RU,2020-01-05 06:15:52,68.75,161.3,-2.25,55,83,7.99,broken clouds,0.0,0.0
188,188,Damietta,EG,2020-01-05 06:15:52,31.42,31.81,50.0,76,0,16.11,clear sky,0.0,0.0
189,189,Denpasar,ID,2020-01-05 06:12:39,-8.65,115.22,87.8,79,75,11.41,broken clouds,0.0,0.0
190,190,Guarapari,BR,2020-01-05 06:15:34,-20.67,-40.5,80.01,83,75,11.41,broken clouds,0.0,0.0
191,191,Opuwo,,2020-01-05 06:15:53,-18.06,13.84,65.23,85,100,4.83,light rain,1.13,0.0
192,192,Nuuk,GL,2020-01-05 06:13:27,64.17,-51.74,21.2,85,100,6.93,light snow,0.0,0.0
193,193,Lata,IN,2020-01-05 06:15:53,30.78,78.62,15.19,45,35,5.19,scattered clouds,0.0,0.0
194,194,Srednekolymsk,RU,2020-01-05 06:15:53,67.46,153.71,2.25,52,46,4.34,scattered clouds,0.0,0.0
195,195,Sao Joao Da Barra,BR,2020-01-05 06:15:54,-21.64,-41.05,73.15,96,100,2.26,moderate rain,11.5,0.0
196,196,Hasaki,JP,2020-01-05 06:15:54,35.73,140.83,52.0,31,20,16.11,few clouds,0.0,0.0
197,197,Aklavik,CA,2020-01-05 06:15:54,68.22,-135.01,-23.8,67,40,4.7,scattered clouds,0.0,0.0
198,198,Manggar,ID,2020-01-05 06:15:55,-2.88,108.27,82.44,79,100,22.03,light rain,2.88,0.0
199,199,Klaksvik,FO,2020-01-05 06:15:55,62.23,-6.59,46.4,93,100,2.24,light rain,2.75,0.0
200,200,Avera,US,2020-01-05 06:15:55,33.19,-82.53,44.6,52,1,10.29,clear sky,0.0,0.0
201,201,Hofn,IS,2020-01-05 06:15:55,64.25,-15.21,43.84,77,78,35.99,light rain,0.38,0.0
202,202,Reconquista,AR,2020-01-05 06:15:55,-29.14,-59.64,69.37,67,0,5.26,clear sky,0.0,0.0
203,203,Namatanai,PG,2020-01-05 06:15:56,-3.66,152.44,84.76,72,100,7.36,light rain,2.62,0.0
204,204,Pallisa,UG,2020-01-05 06:15:56,1.17,33.71,73.33,74,19,2.26,few clouds,0.0,0.0
205,205,Havoysund,NO,2020-01-05 06:15:56,71.0,24.66,24.8,79,100,36.91,mist,0.0,0.0
206,206,Adre,TD,2020-01-05 06:15:56,13.47,22.2,55.49,29,5,19.1,clear sky,0.0,0.0
207,207,Matagami,NG,2020-01-05 06:15:57,9.67,8.4,62.33,34,0,7.16,clear sky,0.0,0.0
208,208,Maniwaki,CA,2020-01-05 06:15:57,46.38,-75.98,16.72,92,89,5.79,overcast clouds,0.0,0.0
209,209,Kavaratti,IN,2020-01-05 06:15:57,10.57,72.64,86.0,62,20,4.7,few clouds,0.0,0.0
210,210,Mar Del Plata,AR,2020-01-05 06:15:57,-46.43,-67.52,58.86,41,87,11.34,overcast clouds,0.0,0.0
211,211,Kruisfontein,ZA,2020-01-05 06:15:58,-34.0,24.73,69.15,67,68,16.42,broken clouds,0.0,0.0
212,212,Fare,PF,2020-01-05 06:15:58,-16.7,-151.02,81.41,78,100,9.8,light rain,1.37,0.0
213,213,Kieta,PG,2020-01-05 06:15:58,-6.22,155.63,85.17,71,100,4.97,moderate rain,4.69,0.0
214,214,Lakes Entrance,AU,2020-01-05 06:15:58,-37.88,147.99,57.99,77,100,1.01,moderate rain,5.56,0.0
215,215,Jijiga,ET,2020-01-05 06:15:58,9.35,42.8,69.24,34,71,3.76,broken clouds,0.0,0.0
216,216,Salta,AR,2020-01-05 06:15:23,-24.79,-65.41,69.8,88,98,2.24,light rain,0.31,0.0
217,217,Kaitangata,NZ,2020-01-05 06:15:59,-46.28,169.85,57.99,44,47,23.0,scattered clouds,0.0,0.0
218,218,Karak,JO,2020-01-05 06:15:59,31.18,35.7,42.8,93,75,17.22,drizzle,0.0,0.0
219,219,Glenwood Springs,US,2020-01-05 06:13:45,39.55,-107.33,19.99,78,1,10.29,clear sky,0.0,0.0
220,220,Bambanglipuro,ID,2020-01-05 06:15:59,-7.95,110.28,85.06,70,28,12.41,light rain,1.31,0.0
221,221,Sur,OM,2020-01-05 06:16:00,22.57,59.53,75.6,52,0,13.69,clear sky,0.0,0.0
222,222,Zaranj,AF,2020-01-05 06:16:00,30.95,61.86,51.8,76,75,6.93,broken clouds,0.0,0.0
223,223,Awjilah,LY,2020-01-05 06:16:00,29.14,21.3,49.17,82,8,8.12,clear sky,0.0,0.0
224,224,Tupik,RU,2020-01-05 06:16:00,54.43,119.94,4.86,91,0,1.1,clear sky,0.0,0.0
225,225,Bambous Virieux,MU,2020-01-05 06:16:00,-20.34,57.76,78.01,94,75,6.93,broken clouds,0.0,0.0
226,226,Venancio Aires,BR,2020-01-05 06:16:01,-29.61,-52.19,64.99,96,0,0.69,clear sky,0.0,0.0
227,227,Naro,BF,2020-01-05 06:16:01,11.18,-3.22,58.89,24,49,7.07,scattered clouds,0.0,0.0
228,228,Manta,RO,2020-01-05 06:16:01,45.1,24.1,31.21,72,91,2.01,overcast clouds,0.0,0.0
229,229,Pemba,MZ,2020-01-05 06:16:02,-12.97,40.52,80.6,94,75,2.24,broken clouds,0.0,0.0
230,230,Constitucion,MX,2020-01-05 06:16:02,23.99,-104.67,41.0,58,16,4.0,few clouds,0.0,0.0
231,231,Iqaluit,CA,2020-01-05 06:12:56,63.75,-68.52,-29.0,60,5,16.11,clear sky,0.0,0.0
232,232,Teguldet,RU,2020-01-05 06:16:02,57.31,88.17,24.03,92,100,11.48,light snow,0.0,0.5
233,233,Centerville,US,2020-01-05 06:16:02,40.92,-111.87,35.01,66,20,1.72,few clouds,0.0,0.0
234,234,Bilma,NE,2020-01-05 06:13:06,18.69,12.92,46.47,39,0,8.1,clear sky,0.0,0.0
235,235,Sao Felix Do Xingu,BR,2020-01-05 06:16:03,-6.64,-51.99,70.66,96,83,1.28,light rain,0.19,0.0
236,236,Sibolga,ID,2020-01-05 06:16:04,1.74,98.78,86.9,63,29,1.97,light rain,0.38,0.0
237,237,Nishihara,JP,2020-01-05 06:16:04,35.74,139.53,52.0,31,20,12.75,few clouds,0.0,0.0
238,238,Muzhi,RU,2020-01-05 06:16:04,65.4,64.7,23.92,79,0,18.16,clear sky,0.0,0.0
239,239,Harper,US,2020-01-05 06:16:05,30.3,-99.24,48.0,69,1,12.66,clear sky,0.0,0.0
240,240,Mandera,ET,2020-01-05 06:16:05,3.94,41.86,83.77,50,27,8.3,scattered clouds,0.0,0.0
241,241,Otane,NZ,2020-01-05 06:16:05,-39.89,176.62,63.0,68,100,14.0,overcast clouds,0.0,0.0
242,242,Ayolas,PY,2020-01-05 06:16:05,-27.39,-56.84,69.58,74,3,2.3,clear sky,0.0,0.0
243,243,Narsaq,GL,2020-01-05 06:16:05,60.91,-46.05,24.8,79,98,5.17,overcast clouds,0.0,0.0
244,244,Berlevag,NO,2020-01-05 06:16:06,70.86,29.09,28.99,62,100,33.02,light snow,0.0,0.31
245,245,Grindavik,IS,2020-01-05 06:16:06,63.84,-22.43,37.4,86,75,31.09,shower rain,0.0,0.0
246,246,Tornio,FI,2020-01-05 06:16:06,61.12,27.27,28.99,74,90,10.29,overcast clouds,0.0,0.0
247,247,Marzuq,YE,2020-01-05 06:16:06,14.4,46.47,73.29,35,0,3.8,clear sky,0.0,0.0
248,248,Minab,IR,2020-01-05 06:16:07,27.15,57.07,75.2,64,75,2.24,haze,0.0,0.0
249,249,Seymchan,RU,2020-01-05 06:16:07,62.93,152.39,-12.55,99,29,2.01,scattered clouds,0.0,0.0
250,250,Rockhampton,AU,2020-01-05 06:16:07,-23.38,150.51,89.6,35,75,12.75,broken clouds,0.0,0.0
251,251,Canutama,BR,2020-01-05 06:16:07,-6.53,-64.38,73.04,98,100,2.89,light rain,2.0,0.0
252,252,Kedrovyy,RU,2020-01-05 06:16:07,56.17,91.82,26.6,49,40,13.42,light shower snow,0.0,0.0
253,253,Kendari,ID,2020-01-05 06:16:08,-3.99,122.52,84.83,72,98,9.04,light rain,0.25,0.0
254,254,Kaputa,ZM,2020-01-05 06:16:08,-8.47,29.66,70.65,89,100,0.65,light rain,0.5,0.0
255,255,Birjand,IR,2020-01-05 06:16:09,32.86,59.22,46.4,93,75,4.7,broken clouds,0.0,0.0
256,256,Sydney,AU,2020-01-05 06:12:36,-33.85,151.22,73.99,60,75,24.16,broken clouds,0.0,0.0
257,257,Barra,GM,2020-01-05 06:16:10,13.49,-16.54,68.0,30,0,11.41,haze,0.0,0.0
258,258,Manokwari,ID,2020-01-05 06:16:10,-0.87,134.08,75.16,91,90,4.7,moderate rain,3.06,0.0
259,259,Bagan,RU,2020-01-05 06:16:10,54.1,77.67,23.52,92,100,15.39,overcast clouds,0.0,0.0
260,260,Tuatapere,NZ,2020-01-05 06:16:10,-46.13,167.69,55.99,68,6,15.01,clear sky,0.0,0.0
261,261,Flin Flon,CA,2020-01-05 06:16:11,54.77,-101.88,8.31,96,100,4.23,snow,0.0,4.19
262,262,Chumikan,RU,2020-01-05 06:16:11,54.72,135.31,-1.71,81,66,5.57,broken clouds,0.0,0.0
263,263,Stokmarknes,NO,2020-01-05 06:16:11,68.56,14.91,28.99,83,100,5.01,overcast clouds,0.0,0.06
264,264,Vardo,US,2020-01-05 06:16:11,39.62,-77.74,42.01,60,90,12.75,overcast clouds,0.0,0.0
265,265,Monrovia,LR,2020-01-05 06:14:57,6.33,-10.8,66.2,93,20,46.08,mist,0.0,0.0
266,266,Luganville,VU,2020-01-05 06:16:12,-15.51,167.18,86.0,70,40,12.75,scattered clouds,0.0,0.0
267,267,De-Kastri,RU,2020-01-05 06:16:12,51.48,140.77,5.83,84,21,30.65,few clouds,0.0,0.0
268,268,Botou,CN,2020-01-05 06:16:12,38.08,116.55,40.51,58,100,4.59,overcast clouds,0.0,0.0
269,269,Manoharpur,IN,2020-01-05 06:16:13,22.35,85.21,70.79,52,37,5.84,scattered clouds,0.0,0.0
270,270,Nouadhibou,MR,2020-01-05 06:16:13,20.93,-17.03,60.8,31,31,20.8,sand,0.0,0.0
271,271,Vostok,RU,2020-01-05 06:16:13,46.45,135.83,4.26,92,100,3.67,overcast clouds,0.0,0.0
272,272,Agirish,RU,2020-01-05 06:16:13,61.92,63.02,27.57,96,100,8.23,light snow,0.0,0.75
273,273,Pingdingshan,CN,2020-01-05 06:16:13,33.74,113.3,42.15,91,100,12.71,light rain,1.75,0.0
274,274,Avarua,CK,2020-01-05 06:16:13,-21.21,-159.78,80.6,83,14,1.12,light rain,1.19,0.0
275,275,Esperance,AU,2020-01-05 06:16:14,-33.86,121.89,84.2,18,0,9.17,clear sky,0.0,0.0
276,276,Ginda,IN,2020-01-05 06:16:14,30.69,78.49,46.8,36,29,3.74,scattered clouds,0.0,0.0
277,277,Gilgit,PK,2020-01-05 06:16:14,35.92,74.31,7.81,75,92,2.55,overcast clouds,0.0,0.0
278,278,Hailar,CN,2020-01-05 06:16:14,49.2,119.7,7.79,86,32,5.19,scattered clouds,0.0,0.0
279,279,Abnub,EG,2020-01-05 06:16:15,27.27,31.15,44.6,70,0,11.41,clear sky,0.0,0.0
280,280,Axim,GH,2020-01-05 06:16:15,4.87,-2.24,69.98,68,23,2.42,few clouds,0.0,0.0
281,281,Demba,CD,2020-01-05 06:16:15,-5.47,22.27,71.58,95,100,0.67,light rain,0.19,0.0
282,282,Brae,GB,2020-01-05 06:16:15,60.4,-1.35,50.0,87,100,35.57,light rain,0.44,0.0
283,283,Saalfeld,DE,2020-01-05 06:16:15,50.65,11.36,35.01,94,75,6.93,broken clouds,0.0,0.0
284,284,Lavrentiya,RU,2020-01-05 06:16:16,65.58,-170.99,-6.74,84,100,9.89,overcast clouds,0.0,0.0
285,285,Cap Malheureux,MU,2020-01-05 06:16:16,-19.98,57.61,78.01,94,75,6.93,broken clouds,0.0,0.0
286,286,Kiruna,SE,2020-01-05 06:16:16,67.86,20.23,14.0,72,60,10.29,broken clouds,0.0,0.0
287,287,Sao Paulo De Olivenca,BR,2020-01-05 06:16:16,-3.38,-68.87,72.68,97,97,2.24,light rain,0.25,0.0
288,288,Porto Alegre,BR,2020-01-05 06:15:08,-30.03,-51.23,70.0,94,0,6.93,clear sky,0.0,0.0
289,289,Beringovskiy,RU,2020-01-05 06:12:06,63.05,179.32,-7.53,71,0,19.77,clear sky,0.0,0.0
290,290,Somerset East,ZA,2020-01-05 06:16:17,-32.72,25.59,67.42,88,64,5.08,light rain,0.31,0.0
291,291,Udachnyy,RU,2020-01-05 06:16:17,66.42,112.4,-11.2,83,81,2.24,broken clouds,0.0,0.0
292,292,Porto Novo,BR,2020-01-05 06:16:17,-23.68,-45.44,68.0,94,75,1.61,mist,0.0,0.0
293,293,Porto Velho,BR,2020-01-05 06:16:18,-8.75,-63.87,77.0,94,75,2.24,broken clouds,0.0,0.0
294,294,Luderitz,,2020-01-05 06:16:18,-26.65,15.16,61.39,85,0,3.02,clear sky,0.0,0.0
295,295,Portland,US,2020-01-05 06:14:14,43.66,-70.25,34.0,86,90,10.29,light rain,0.0,0.0
296,296,Atar,MR,2020-01-05 06:16:18,20.52,-13.05,51.71,27,32,9.84,scattered clouds,0.0,0.0
297,297,Buchanan,LR,2020-01-05 06:16:19,5.88,-10.05,66.2,93,20,46.08,mist,0.0,0.0
298,298,Dayong,CN,2020-01-05 06:16:19,25.02,118.29,69.8,68,75,6.71,broken clouds,0.0,0.0
299,299,Montepuez,MZ,2020-01-05 06:16:19,-13.13,39.0,77.65,85,100,4.43,overcast clouds,0.0,0.0
300,300,Lithgow,AU,2020-01-05 06:16:19,-33.48,150.16,75.2,57,90,19.46,overcast clouds,0.0,0.0
301,301,Bowen,AU,2020-01-05 06:16:19,-20.01,148.25,86.0,55,40,13.87,scattered clouds,0.0,0.0
302,302,Bethel,US,2020-01-05 06:16:20,60.79,-161.76,-11.2,75,1,4.7,clear sky,0.0,0.0
303,303,Lagoa,PT,2020-01-05 06:16:20,37.14,-8.45,50.0,81,20,8.05,few clouds,0.0,0.0
304,304,Waingapu,ID,2020-01-05 06:16:20,-9.65,120.26,83.79,76,100,24.2,light rain,1.25,0.0
305,305,Lorengau,PG,2020-01-05 06:16:20,-2.02,147.27,82.74,79,96,15.55,moderate rain,5.06,0.0
306,306,Mackenzie,CA,2020-01-05 06:16:20,55.34,-123.09,26.6,79,90,9.17,overcast clouds,0.0,0.0
307,307,San Javier,BR,2020-01-05 06:16:21,-27.87,-55.13,68.0,87,14,3.51,few clouds,0.0,0.0
308,308,Takoradi,GH,2020-01-05 06:16:21,4.89,-1.75,73.58,66,29,5.37,scattered clouds,0.0,0.0
309,309,Padang,ID,2020-01-05 06:16:21,-0.92,100.36,83.73,62,35,1.97,scattered clouds,0.0,0.0
310,310,Oxford,US,2020-01-05 06:13:48,33.61,-85.83,35.6,80,1,4.7,clear sky,0.0,0.0
311,311,Johi,PK,2020-01-05 06:16:21,26.69,67.61,68.41,37,2,5.95,clear sky,0.0,0.0
312,312,Sindor,RU,2020-01-05 06:16:24,62.87,51.9,26.22,94,100,4.85,overcast clouds,0.0,0.0
313,313,Ust-Koksa,RU,2020-01-05 06:16:25,50.27,85.62,15.69,81,28,4.41,scattered clouds,0.0,0.0
314,314,Snyder,US,2020-01-05 06:16:25,32.72,-100.92,50.0,45,1,11.41,clear sky,0.0,0.0
315,315,Kushiro,JP,2020-01-05 06:16:29,43.11,144.15,28.4,42,75,4.7,light shower snow,0.0,0.0
316,316,Saint Anthony,US,2020-01-05 06:16:29,43.97,-111.68,24.01,85,1,3.2,clear sky,0.0,0.0
317,317,Batemans Bay,AU,2020-01-05 06:16:29,-35.71,150.18,63.0,69,44,21.0,light rain,0.25,0.0
318,318,Kovur,IN,2020-01-05 06:16:29,14.5,79.99,84.67,62,12,9.01,light rain,0.25,0.0
319,319,Prince Rupert,CA,2020-01-05 06:13:22,54.32,-130.32,37.4,93,90,17.22,moderate rain,0.0,0.0
320,320,Mount Gambier,AU,2020-01-05 06:16:30,-37.83,140.78,66.2,45,83,17.22,broken clouds,0.0,0.0
321,321,Senador Guiomard,BR,2020-01-05 06:16:30,-10.15,-67.74,75.2,100,75,4.7,thunderstorm,0.0,0.0
322,322,Dallas,US,2020-01-05 06:11:58,32.78,-96.8,48.99,49,1,9.17,clear sky,0.0,0.0
323,323,Buta,CD,2020-01-05 06:16:30,2.79,24.73,72.88,59,94,0.69,overcast clouds,0.0,0.0
324,324,Balsas,BR,2020-01-05 06:16:31,-7.53,-46.04,70.93,96,100,2.24,overcast clouds,0.0,0.0
325,325,Taoudenni,ML,2020-01-05 06:16:31,22.68,-3.98,48.6,32,0,5.95,clear sky,0.0,0.0
326,326,Coquimbo,CL,2020-01-05 06:16:31,-29.95,-71.34,60.8,93,90,8.05,overcast clouds,0.0,0.0
327,327,Mayumba,GA,2020-01-05 06:16:31,-3.44,10.65,79.43,85,77,8.93,light rain,0.94,0.0
328,328,Batagay-Alyta,RU,2020-01-05 06:16:31,67.8,130.41,-22.97,76,21,3.33,few clouds,0.0,0.0
329,329,Kaeo,NZ,2020-01-05 06:16:32,-35.1,173.78,66.0,79,34,15.3,scattered clouds,0.0,0.0
330,330,Ornskoldsvik,SE,2020-01-05 06:16:32,63.29,18.72,21.2,73,34,6.93,scattered clouds,0.0,0.0
331,331,La Orilla,MX,2020-01-05 06:16:32,18.0,-102.23,70.59,71,58,4.52,broken clouds,0.0,0.0
332,332,Norheimsund,NO,2020-01-05 06:16:32,60.37,6.14,39.99,100,75,14.99,broken clouds,0.0,0.0
333,333,Cabinda,AO,2020-01-05 06:16:32,-5.56,12.19,75.2,94,75,9.1,broken clouds,0.0,0.0
334,334,Dharchula,IN,2020-01-05 06:16:33,29.85,80.53,30.63,59,65,5.55,broken clouds,0.0,0.0
335,335,Najran,SA,2020-01-05 06:16:33,17.54,44.22,78.8,41,0,2.24,clear sky,0.0,0.0
336,336,Malinyi,TZ,2020-01-05 06:16:33,-8.94,36.14,78.46,84,100,1.21,overcast clouds,0.0,0.0
337,337,Aktau,KZ,2020-01-05 06:16:33,43.65,51.16,23.0,92,100,11.18,overcast clouds,0.0,0.0
338,338,Kindersley,CA,2020-01-05 06:16:34,51.47,-109.16,26.6,73,20,23.04,few clouds,0.0,0.0
339,339,Vestmannaeyjar,IS,2020-01-05 06:16:34,63.44,-20.27,43.21,67,100,37.71,light rain,1.0,0.0
340,340,Balikpapan,ID,2020-01-05 06:16:34,-1.24,116.86,82.9,86,73,6.8,light rain,1.69,0.0
341,341,Vanavara,RU,2020-01-05 06:16:35,60.35,102.28,13.05,90,100,11.5,overcast clouds,0.0,0.0
342,342,Bandarbeyla,SO,2020-01-05 06:16:35,9.49,50.81,77.65,76,13,14.27,few clouds,0.0,0.0
343,343,Tamm,DE,2020-01-05 06:16:35,48.92,9.12,42.01,93,75,3.36,light intensity drizzle rain,0.0,0.0
344,344,Faya,SA,2020-01-05 06:16:35,18.39,42.45,62.6,77,75,17.22,broken clouds,0.0,0.0
345,345,Praya,ID,2020-01-05 06:16:35,-8.71,116.27,87.8,70,75,11.41,broken clouds,0.0,0.0
346,346,Newport,GB,2020-01-05 06:16:36,51.59,-3.0,45.0,93,90,9.17,overcast clouds,0.0,0.0
347,347,Camacha,PT,2020-01-05 06:16:36,33.08,-16.33,62.6,82,20,4.7,few clouds,0.0,0.0
348,348,Haines Junction,CA,2020-01-05 06:16:36,60.75,-137.51,-16.19,98,36,2.86,scattered clouds,0.0,0.0
349,349,Newton,US,2020-01-05 06:16:37,42.34,-71.21,39.0,100,100,12.75,light rain,0.0,0.0
350,350,Tynne,UA,2020-01-05 06:16:37,51.17,26.77,31.8,97,100,4.54,light snow,0.0,0.37
351,351,Caravelas,BR,2020-01-05 06:16:37,-17.73,-39.27,74.86,91,100,10.56,moderate rain,3.31,0.0
352,352,Lima,PE,2020-01-05 06:14:49,-12.06,-77.04,69.8,94,90,11.41,overcast clouds,0.0,0.0
353,353,Capao Bonito,BR,2020-01-05 06:16:38,-24.01,-48.35,65.98,89,100,5.88,overcast clouds,0.0,0.0
354,354,Cartagena,ES,2020-01-05 06:16:38,37.63,-1.0,42.01,100,0,3.36,mist,0.0,0.0
355,355,Kavieng,PG,2020-01-05 06:16:38,-2.57,150.8,84.83,72,100,10.31,light rain,2.94,0.0
356,356,Porto Walter,BR,2020-01-05 06:16:38,-8.27,-72.74,72.79,92,100,2.55,overcast clouds,0.0,0.0
357,357,Poum,MK,2020-01-05 06:16:38,41.28,20.71,33.8,80,90,10.29,overcast clouds,0.0,0.0
358,358,Pangkalanbuun,ID,2020-01-05 06:16:38,-2.68,111.62,94.64,47,55,4.12,light rain,1.25,0.0
359,359,Kalabagh,PK,2020-01-05 06:16:39,34.07,73.37,48.99,64,98,1.01,overcast clouds,0.0,0.0
360,360,Mayskiy,RU,2020-01-05 06:16:39,43.63,44.06,21.2,100,90,0.87,fog,0.0,0.0
361,361,Kapuskasing,CA,2020-01-05 06:16:39,49.42,-82.43,10.4,92,90,3.36,light snow,0.0,0.0
362,362,Skjervoy,NO,2020-01-05 06:16:39,70.03,20.97,30.67,77,100,30.15,light snow,0.0,0.88
363,363,Sungaipenuh,ID,2020-01-05 06:16:39,-2.08,101.38,78.13,66,71,2.26,moderate rain,3.63,0.0
364,364,Taga,ID,2020-01-05 06:16:40,-8.61,120.44,74.26,91,100,4.81,light rain,2.75,0.0
365,365,Vila Franca Do Campo,PT,2020-01-05 06:16:40,37.72,-25.43,64.4,77,75,14.99,broken clouds,0.0,0.0
366,366,Pacific Grove,US,2020-01-05 06:16:40,36.62,-121.92,53.6,81,90,4.7,overcast clouds,0.0,0.0
367,367,Marquette,US,2020-01-05 06:16:40,46.54,-87.4,28.4,86,90,6.93,light rain,0.0,0.0
368,368,Aksay,KZ,2020-01-05 06:16:41,51.17,53.01,20.61,88,86,11.9,overcast clouds,0.0,0.0
369,369,Maumere,ID,2020-01-05 06:16:41,-8.63,122.22,79.12,86,100,14.7,moderate rain,3.06,0.0
370,370,Isiro,CD,2020-01-05 06:16:41,2.77,27.62,74.77,73,86,2.1,overcast clouds,0.0,0.0
371,371,Wanaka,NZ,2020-01-05 06:16:41,-44.7,169.14,46.81,74,10,10.02,clear sky,0.0,0.0
372,372,Khartoum,SD,2020-01-05 06:16:41,15.59,32.54,57.2,35,28,17.22,scattered clouds,0.0,0.0
373,373,Mehamn,NO,2020-01-05 06:16:42,71.03,27.85,24.3,73,100,23.73,light snow,0.0,0.63
374,374,Nikolayevka,RU,2020-01-05 06:16:42,46.73,38.57,37.27,78,89,9.98,overcast clouds,0.0,0.0
375,375,Cabra,ES,2020-01-05 06:16:42,37.47,-4.43,41.0,93,0,2.24,clear sky,0.0,0.0
376,376,Fortuna,US,2020-01-05 06:16:42,40.6,-124.16,45.0,100,75,2.13,broken clouds,0.0,0.0
377,377,Havelock,US,2020-01-05 06:16:42,34.88,-76.9,51.8,63,75,23.04,broken clouds,0.0,0.0
378,378,Kasane,BW,2020-01-05 06:16:43,-17.8,25.16,71.6,88,40,4.7,scattered clouds,0.0,0.0
379,379,Provideniya,RU,2020-01-05 06:16:43,64.42,-173.23,-10.93,97,96,10.36,light snow,0.0,0.13
380,380,Tala,MX,2020-01-05 06:16:43,20.65,-103.7,54.0,27,5,4.7,clear sky,0.0,0.0
381,381,Soto La Marina,MX,2020-01-05 06:16:43,23.77,-98.21,55.04,63,0,3.04,clear sky,0.0,0.0
382,382,Kropotkin,RU,2020-01-05 06:16:43,45.43,40.58,33.01,69,51,3.42,broken clouds,0.0,0.0
383,383,Kericho,KE,2020-01-05 06:16:44,-0.37,35.28,64.22,49,4,5.28,clear sky,0.0,0.0
384,384,Wajir,KE,2020-01-05 06:16:44,1.75,40.07,77.0,78,6,3.36,clear sky,0.0,0.0
385,385,Panacan,PH,2020-01-05 06:16:44,7.15,125.66,87.8,70,75,6.93,broken clouds,0.0,0.0
386,386,Nantucket,US,2020-01-05 06:16:44,41.28,-70.1,45.0,93,90,14.99,light rain,0.0,0.0
387,387,Aksu,KZ,2020-01-05 06:16:45,52.04,76.93,26.6,86,100,11.18,overcast clouds,0.0,0.0
388,388,Wanning,AT,2020-01-05 06:16:45,48.64,13.53,35.01,87,20,10.29,few clouds,0.0,0.0
389,389,Saint-Georges,CA,2020-01-05 06:13:52,46.12,-70.67,28.99,92,99,1.01,light snow,0.0,1.06
390,390,Noumea,NC,2020-01-05 06:14:05,-22.28,166.46,86.0,55,20,24.16,few clouds,0.0,0.0
391,391,Saint-Joseph,FR,2020-01-05 06:16:46,43.56,6.97,48.99,93,0,5.82,clear sky,0.0,0.0
392,392,Marathon,CA,2020-01-05 06:16:46,48.72,-86.38,18.05,85,99,8.57,overcast clouds,0.0,0.0
393,393,Codrington,AU,2020-01-05 06:16:46,-28.95,153.24,98.6,34,0,12.75,clear sky,0.0,0.0
394,394,Araouane,ML,2020-01-05 06:16:47,18.9,-3.53,51.53,27,0,10.42,clear sky,0.0,0.0
395,395,Nueve De Julio,AR,2020-01-05 06:16:47,-31.67,-68.39,84.6,33,91,3.11,overcast clouds,0.0,0.0
396,396,Bereda,ES,2020-01-05 06:16:47,43.27,-7.54,39.0,100,20,2.24,fog,0.0,0.0
397,397,Salinopolis,BR,2020-01-05 06:16:47,-0.61,-47.36,80.62,79,100,10.98,light rain,1.69,0.0
398,398,Ouesso,CG,2020-01-05 06:16:48,1.61,16.05,70.07,40,33,1.83,scattered clouds,0.0,0.0
399,399,San Cristobal,HN,2020-01-05 06:16:48,14.68,-86.92,60.75,97,11,2.35,few clouds,0.0,0.0
400,400,Wenling,CN,2020-01-05 06:16:48,28.38,121.38,55.99,97,100,3.4,light rain,0.12,0.0
401,401,Kroonstad,ZA,2020-01-05 06:16:48,-27.65,27.24,70.0,73,0,5.99,light rain,0.13,0.0
402,402,Tamworth,AU,2020-01-05 06:16:48,-31.09,150.93,105.8,14,8,4.7,clear sky,0.0,0.0
403,403,Pochutla,MX,2020-01-05 06:16:49,15.74,-96.47,75.99,78,40,5.82,scattered clouds,0.0,0.0
404,404,Madera,US,2020-01-05 06:16:49,36.96,-120.06,50.0,93,1,5.82,mist,0.0,0.0
405,405,Tateyama,JP,2020-01-05 06:16:49,36.66,137.31,43.0,75,75,6.93,light intensity shower rain,0.0,0.0
406,406,Brandenburg,US,2020-01-05 06:16:49,38.0,-86.17,37.4,90,90,8.05,overcast clouds,0.0,0.0
407,407,Acapulco,MX,2020-01-05 06:16:49,16.86,-99.88,75.2,94,5,2.77,clear sky,0.0,0.0
408,408,Karatau,KZ,2020-01-05 06:16:50,43.18,70.46,34.0,100,100,2.86,overcast clouds,0.0,0.0
409,409,Laguna,BZ,2020-01-05 06:16:50,16.17,-88.94,71.6,88,90,9.17,overcast clouds,0.0,0.0
410,410,Smithers,CA,2020-01-05 06:16:50,54.78,-127.17,28.4,79,90,8.05,overcast clouds,0.0,0.0
411,411,La Libertad,PE,2020-01-05 06:16:50,-16.38,-71.56,53.6,93,75,6.93,mist,0.0,0.0
412,412,Amudat,UG,2020-01-05 06:16:50,1.95,34.95,73.69,51,88,2.66,overcast clouds,0.0,0.0
413,413,Mudgal,IN,2020-01-05 06:16:51,16.02,76.43,79.29,58,28,13.2,light rain,0.13,0.0
414,414,Mandalgovi,MN,2020-01-05 06:16:51,45.76,106.27,13.57,81,0,13.38,clear sky,0.0,0.0
415,415,Jaru,BR,2020-01-05 06:16:51,-10.43,-62.48,72.84,98,100,2.26,light rain,0.88,0.0
416,416,Zambezi,ZM,2020-01-05 06:16:51,-13.55,23.12,68.79,87,97,5.06,overcast clouds,0.0,0.0
417,417,Tosno,RU,2020-01-05 06:16:52,59.54,30.88,32.0,83,75,20.13,broken clouds,0.0,0.0
418,418,Havre-Saint-Pierre,CA,2020-01-05 06:16:52,50.23,-63.6,17.6,78,90,11.41,overcast clouds,0.0,0.0
419,419,Zaozerne,UA,2020-01-05 06:16:52,51.37,23.94,32.38,83,100,16.22,overcast clouds,0.0,0.0
420,420,Vavatenina,MG,2020-01-05 06:16:52,-17.47,49.2,80.94,63,96,2.82,overcast clouds,0.0,0.0
421,421,Glenluce,GB,2020-01-05 06:16:53,54.88,-4.81,46.0,93,100,3.0,overcast clouds,0.0,0.0
422,422,Novikovo,RU,2020-01-05 06:16:53,51.15,37.89,28.98,95,100,2.48,overcast clouds,0.0,0.0
423,423,Papara,BR,2020-01-05 06:16:53,-3.98,-38.73,86.0,83,40,4.7,scattered clouds,0.0,0.0
424,424,Sisimiut,GL,2020-01-05 06:16:54,66.94,-53.67,6.46,95,100,3.94,light snow,0.0,0.37
425,425,Spasskoye,RU,2020-01-05 06:16:54,55.86,45.7,23.74,95,99,6.76,overcast clouds,0.0,0.0
426,426,Marystown,CA,2020-01-05 06:16:54,47.17,-55.16,37.0,100,49,6.42,scattered clouds,0.0,0.0
427,427,Pangody,RU,2020-01-05 06:16:54,65.85,74.49,21.6,90,78,16.6,broken clouds,0.0,0.0
428,428,Fort Saint James,CA,2020-01-05 06:16:54,54.43,-124.25,20.17,88,65,6.69,broken clouds,0.0,0.0
429,429,Perth,AU,2020-01-05 06:13:10,-31.95,115.86,95.0,16,0,13.87,clear sky,0.0,0.0
430,430,Kanigoro,ID,2020-01-05 06:16:55,-8.13,112.22,86.97,68,71,8.59,light rain,2.25,0.0
431,431,Moranbah,AU,2020-01-05 06:16:55,-22.0,148.04,86.11,45,80,18.34,broken clouds,0.0,0.0
432,432,Korcula,HR,2020-01-05 06:16:55,42.96,17.14,50.0,37,40,14.99,scattered clouds,0.0,0.0
433,433,Shaunavon,CA,2020-01-05 06:16:55,49.65,-108.41,27.09,72,82,20.04,broken clouds,0.0,0.0
434,434,Borgarnes,IS,2020-01-05 06:16:55,64.54,-21.92,37.4,73,75,24.16,shower rain,0.0,0.0
435,435,Flinders,AU,2020-01-05 06:16:56,-34.58,150.85,72.0,100,90,13.87,overcast clouds,0.0,0.0
436,436,Ahipara,NZ,2020-01-05 06:16:56,-35.17,173.16,66.0,80,47,17.69,scattered clouds,0.0,0.0
437,437,Laje,BR,2020-01-05 06:16:56,-13.18,-39.42,71.1,98,100,1.34,light rain,2.12,0.0
438,438,Barabai,ID,2020-01-05 06:16:56,-2.59,115.38,86.14,63,100,3.27,light rain,0.19,0.0
439,439,Cairns,AU,2020-01-05 06:13:41,-16.92,145.77,87.8,52,75,11.41,broken clouds,0.0,0.0
440,440,Mongu,ZM,2020-01-05 06:16:57,-15.27,23.14,70.2,84,100,2.17,overcast clouds,0.0,0.0
441,441,Den Helder,NL,2020-01-05 06:16:58,52.96,4.76,46.4,93,90,8.05,overcast clouds,0.0,0.0
442,442,Guamuchil,MX,2020-01-05 06:16:58,25.47,-108.1,54.0,92,0,1.01,clear sky,0.0,0.0
443,443,Canavieiras,BR,2020-01-05 06:16:59,-15.68,-38.95,75.47,94,100,6.26,overcast clouds,0.0,0.0
444,444,Sayyan,YE,2020-01-05 06:16:59,15.17,44.32,61.88,60,0,4.85,clear sky,0.0,0.0
445,445,Beyneu,KZ,2020-01-05 06:16:59,45.32,55.19,30.06,62,27,7.09,scattered clouds,0.0,0.0
446,446,Dunedin,NZ,2020-01-05 06:16:59,-45.87,170.5,57.0,58,40,26.13,scattered clouds,0.0,0.0
447,447,Lerwick,GB,2020-01-05 06:17:00,60.15,-1.15,50.0,87,100,32.21,light rain,0.81,0.0
448,448,Quang Ngai,VN,2020-01-05 06:17:00,15.12,108.8,75.92,72,64,8.25,light rain,0.38,0.0
449,449,Walvis Bay,,2020-01-05 06:17:00,-22.95,14.51,62.01,87,90,9.17,overcast clouds,0.0,0.0
450,450,Houma,CN,2020-01-05 06:16:59,35.63,111.36,35.28,98,100,2.15,light snow,0.0,0.69
451,451,Buala,SB,2020-01-05 06:17:00,-8.15,159.59,83.61,79,100,10.58,moderate rain,4.81,0.0
452,452,Victoria,BN,2020-01-05 06:15:17,5.28,115.24,91.4,66,75,3.36,broken clouds,0.0,0.0
453,453,San Fernando,TT,2020-01-05 06:17:01,10.28,-61.46,73.99,88,20,5.06,few clouds,0.0,0.0
454,454,Nanfeng,CN,2020-01-05 06:17:02,27.22,116.52,70.72,65,49,1.95,scattered clouds,0.0,0.0
455,455,Komsomolskiy,RU,2020-01-05 06:17:02,67.55,63.78,22.48,90,100,29.06,light snow,0.0,0.31
456,456,Segovia,ES,2020-01-05 06:15:32,40.95,-4.12,39.0,92,0,2.24,clear sky,0.0,0.0
457,457,Enna,IT,2020-01-05 06:17:02,37.57,14.28,55.0,100,20,5.82,few clouds,0.0,0.0
458,458,Toledo,ES,2020-01-05 06:17:02,39.86,-4.02,43.0,84,0,2.91,clear sky,0.0,0.0
459,459,Lena,US,2020-01-05 06:17:03,42.38,-89.82,26.01,92,90,10.29,mist,0.0,0.0
460,460,Sovetskiy,RU,2020-01-05 06:17:03,56.76,48.47,27.0,95,100,10.69,light snow,0.0,0.13
461,461,Beloha,MG,2020-01-05 06:17:03,-25.17,45.06,84.31,55,11,12.19,few clouds,0.0,0.0
462,462,Tumpat,MY,2020-01-05 06:17:03,6.2,102.17,86.0,66,40,13.87,scattered clouds,0.0,0.0
463,463,Creel,MX,2020-01-05 06:17:03,27.75,-107.63,36.84,45,0,4.34,clear sky,0.0,0.0
464,464,Upington,ZA,2020-01-05 06:17:04,-28.46,21.24,75.2,15,4,10.29,clear sky,0.0,0.0
465,465,Salalah,OM,2020-01-05 06:17:04,17.01,54.1,78.8,65,75,14.99,broken clouds,0.0,0.0
466,466,Naze,NG,2020-01-05 06:17:04,5.43,7.07,68.86,29,17,4.23,few clouds,0.0,0.0
467,467,Karratha,AU,2020-01-05 06:17:04,-20.74,116.85,85.66,66,16,11.72,few clouds,0.0,0.0
468,468,Margate,AU,2020-01-05 06:17:05,-43.03,147.26,69.01,42,5,17.22,clear sky,0.0,0.0
469,469,Matay,EG,2020-01-05 06:17:05,28.42,30.79,43.2,61,0,3.83,clear sky,0.0,0.0
470,470,Sobolevo,RU,2020-01-05 06:17:05,54.43,31.9,27.75,93,9,8.68,clear sky,0.0,0.0
471,471,Puerto Leguizamo,CO,2020-01-05 06:17:05,-0.19,-74.78,72.5,79,84,2.42,broken clouds,0.0,0.0
472,472,Micheweni,TZ,2020-01-05 06:17:05,-4.97,39.83,82.87,78,57,6.58,broken clouds,0.0,0.0
473,473,Westport,US,2020-01-05 06:17:05,41.14,-73.36,42.01,75,90,17.22,light rain,0.0,0.0
474,474,Vila,IT,2020-01-05 06:17:06,45.18,8.4,42.01,92,0,9.17,clear sky,0.0,0.0
475,475,North Bend,US,2020-01-05 06:17:07,43.41,-124.22,46.0,87,90,10.29,light rain,0.0,0.0
476,476,Deep River,CA,2020-01-05 06:17:07,46.1,-77.49,21.99,79,40,8.05,scattered clouds,0.0,0.0
477,477,Nurota,UZ,2020-01-05 06:17:07,40.56,65.69,39.2,93,100,4.7,overcast clouds,0.0,0.0
478,478,Srandakan,ID,2020-01-05 06:17:08,-7.94,110.25,85.06,70,28,12.41,light rain,1.31,0.0
479,479,Yumen,CN,2020-01-05 06:17:08,40.29,97.04,22.68,63,100,12.3,overcast clouds,0.0,0.0
480,480,Goya,AR,2020-01-05 06:17:08,-29.14,-59.27,69.37,67,0,5.26,clear sky,0.0,0.0
481,481,Bilibino,RU,2020-01-05 06:17:08,68.06,166.44,-4.97,56,0,2.26,clear sky,0.0,0.0
482,482,Chifeng,CN,2020-01-05 06:17:08,42.27,118.96,29.66,33,63,5.86,broken clouds,0.0,0.0
483,483,Storforshei,NO,2020-01-05 06:17:09,66.4,14.52,19.0,92,100,4.0,light snow,0.0,0.12
484,484,Meulaboh,ID,2020-01-05 06:17:09,4.14,96.13,82.24,72,3,3.98,clear sky,0.0,0.0
485,485,Blagesti,RO,2020-01-05 06:17:09,46.68,26.65,33.01,90,40,1.74,mist,0.0,0.0
486,486,Lubao,CD,2020-01-05 06:17:09,-5.39,25.75,71.4,95,100,4.43,light rain,2.19,0.0
487,487,Okha,RU,2020-01-05 06:17:09,53.59,142.95,18.41,94,100,22.37,light snow,0.0,1.5
488,488,Anloga,GH,2020-01-05 06:16:06,5.79,0.9,69.8,43,0,10.29,haze,0.0,0.0
489,489,Sukhinichi,RU,2020-01-05 06:17:10,54.1,35.35,30.79,80,100,7.09,overcast clouds,0.0,0.0
490,490,Ridgecrest,US,2020-01-05 06:13:09,35.62,-117.67,48.99,70,1,5.82,clear sky,0.0,0.0
491,491,Tura,RU,2020-01-05 06:17:10,64.27,100.22,4.91,90,100,6.33,overcast clouds,0.0,0.0
492,492,Saint-Augustin,CA,2020-01-05 06:17:10,45.63,-73.98,28.99,92,90,3.36,light snow,0.0,0.0
493,493,Souillac,FR,2020-01-05 06:17:11,45.6,-0.6,35.6,93,0,4.7,clear sky,0.0,0.0
494,494,Alyangula,AU,2020-01-05 06:17:11,-13.85,136.42,89.6,59,55,6.93,light rain,1.06,0.0
495,495,West Odessa,US,2020-01-05 06:17:11,31.84,-102.48,50.0,48,1,10.29,clear sky,0.0,0.0
496,496,Kawalu,ID,2020-01-05 06:17:11,-7.38,108.21,81.82,70,60,5.95,light rain,2.19,0.0
497,497,Peniche,PT,2020-01-05 06:17:11,39.36,-9.38,46.99,87,0,5.82,clear sky,0.0,0.0
498,498,Port Hardy,CA,2020-01-05 06:15:42,50.7,-127.42,39.2,93,75,10.29,broken clouds,0.0,0.0
499,499,Shenjiamen,CN,2020-01-05 06:17:12,29.96,122.3,58.39,76,72,14.29,broken clouds,0.0,0.0
500,500,Henties Bay,,2020-01-05 06:17:12,-22.12,14.28,62.01,93,81,3.38,broken clouds,0.0,0.0
501,501,Mbandaka,CD,2020-01-05 06:17:12,0.05,18.26,72.86,43,100,2.1,overcast clouds,0.0,0.0
502,502,Chapais,CA,2020-01-05 06:17:12,49.78,-74.86,5.0,92,90,5.82,light snow,0.0,0.0
503,503,Soyo,AO,2020-01-05 06:17:13,-6.13,12.37,75.2,94,75,5.75,broken clouds,0.0,0.0
504,504,Camacari,BR,2020-01-05 06:17:13,-12.7,-38.32,78.8,78,75,3.36,broken clouds,0.0,0.0
505,505,Cervo,BR,2020-01-05 06:17:13,-22.19,-46.24,61.65,95,97,1.19,overcast clouds,0.0,0.0
506,506,Maniitsoq,GL,2020-01-05 06:17:13,65.42,-52.9,18.46,89,100,6.82,light snow,0.0,0.69
507,507,Drinovci,HR,2020-01-05 06:17:13,43.85,16.01,50.0,42,33,10.29,scattered clouds,0.0,0.0
508,508,Ladispoli,IT,2020-01-05 06:17:14,41.95,12.07,46.4,100,0,5.82,clear sky,0.0,0.0
509,509,Port Said,EG,2020-01-05 06:17:14,25.34,30.55,45.75,54,0,3.09,clear sky,0.0,0.0
510,510,Sabha,LY,2020-01-05 06:17:14,27.03,14.43,39.9,77,0,3.42,clear sky,0.0,0.0
511,511,Belmonte,PT,2020-01-05 06:17:15,40.36,-7.35,39.0,65,6,3.74,clear sky,0.0,0.0
512,512,Sterling,US,2020-01-05 06:12:45,39.0,-77.4,45.0,60,90,12.75,overcast clouds,0.0,0.0
513,513,Savannah Bight,HN,2020-01-05 06:17:16,16.45,-85.85,79.63,80,2,15.64,light rain,0.69,0.0
514,514,Biak,ID,2020-01-05 06:17:16,-0.91,122.88,78.71,83,100,9.44,moderate rain,7.19,0.0
515,515,Mapastepec,MX,2020-01-05 06:17:16,15.44,-92.9,71.13,57,25,8.84,scattered clouds,0.0,0.0
516,516,Voh,NC,2020-01-05 06:17:16,-20.95,164.69,78.04,75,0,21.94,clear sky,0.0,0.0
517,517,Fairbanks,US,2020-01-05 06:15:02,64.84,-147.72,-17.0,74,75,1.36,broken clouds,0.0,0.0
518,518,Luena,AO,2020-01-05 06:17:17,-11.78,19.91,65.14,94,100,6.98,light rain,0.13,0.0
519,519,Caldas Novas,BR,2020-01-05 06:17:17,-17.75,-48.62,66.45,97,49,6.33,scattered clouds,0.0,0.0
520,520,Bilovec,CZ,2020-01-05 06:17:17,49.76,18.02,34.0,78,20,16.11,few clouds,0.0,0.0
521,521,Tazmalt,DZ,2020-01-05 06:17:17,36.39,4.4,44.6,87,0,17.22,clear sky,0.0,0.0
522,522,Ziro,IN,2020-01-05 06:17:17,27.54,93.82,66.2,93,75,4.7,mist,0.0,0.0
523,523,Juneau,US,2020-01-05 06:14:04,58.3,-134.42,28.0,92,90,4.7,light rain,0.0,0.0
524,524,Kurara,IN,2020-01-05 06:17:18,25.98,79.99,67.01,50,0,6.53,clear sky,0.0,0.0
525,525,Puerto Escondido,MX,2020-01-05 06:17:18,15.86,-97.07,75.2,78,40,5.82,scattered clouds,0.0,0.0
526,526,Lufilufi,WS,2020-01-05 06:17:18,-13.87,-171.6,89.01,70,100,15.99,light rain,0.31,0.0
527,527,Shelburne,CA,2020-01-05 06:15:04,44.08,-80.2,30.0,86,90,9.17,overcast clouds,0.0,0.0
528,528,Powell,US,2020-01-05 06:17:19,40.16,-83.08,34.0,72,90,13.87,overcast clouds,0.0,0.0
529,529,Shimla,IN,2020-01-05 06:17:08,31.1,77.17,51.51,39,57,4.9,broken clouds,0.0,0.0
530,530,Rawson,AR,2020-01-05 06:17:19,-43.3,-65.11,59.16,76,5,19.48,clear sky,0.0,0.0
531,531,Kenora,CA,2020-01-05 06:17:19,49.76,-94.48,24.8,85,90,14.99,overcast clouds,0.0,0.0
532,532,Raudeberg,NO,2020-01-05 06:17:19,61.99,5.14,41.0,93,100,19.46,moderate rain,0.0,0.0
533,533,Charlestown,US,2020-01-05 06:17:20,41.38,-71.64,41.0,93,90,12.75,light rain,0.0,0.0
534,534,Honningsvag,NO,2020-01-05 06:17:20,70.98,25.97,30.22,65,100,33.26,light snow,0.0,1.31
535,535,Srisailam,IN,2020-01-05 06:17:20,16.07,78.87,77.45,66,63,6.53,broken clouds,0.0,0.0
536,536,Evensk,RU,2020-01-05 06:17:20,61.92,159.24,2.08,45,10,2.21,clear sky,0.0,0.0
537,537,Werota,ET,2020-01-05 06:17:20,11.92,37.7,67.98,74,7,8.57,light rain,0.75,0.0
538,538,Egvekinot,RU,2020-01-05 06:17:21,66.32,-179.17,-12.3,68,0,11.99,clear sky,0.0,0.0
539,539,Naqadeh,IR,2020-01-05 06:17:21,36.96,45.39,30.92,64,9,4.09,clear sky,0.0,0.0
540,540,Verkhnyaya Inta,RU,2020-01-05 06:17:21,65.99,60.32,23.56,90,80,27.78,light snow,0.0,0.13
541,541,Cabimas,VE,2020-01-05 06:17:21,10.39,-71.44,78.26,81,0,12.46,clear sky,0.0,0.0
542,542,Abaza,RU,2020-01-05 06:17:22,52.65,90.1,22.55,80,99,5.61,overcast clouds,0.0,0.0
543,543,Bure,NG,2020-01-05 06:17:22,10.52,10.33,55.49,44,20,6.22,few clouds,0.0,0.0
544,544,Chala,TZ,2020-01-05 06:17:22,-7.6,31.27,62.6,88,20,1.99,few clouds,0.0,0.0
545,545,Aykhal,RU,2020-01-05 06:17:22,65.95,111.51,-11.2,83,100,2.24,overcast clouds,0.0,0.0
546,546,Filingue,NE,2020-01-05 06:17:23,14.35,3.32,55.98,30,17,12.41,few clouds,0.0,0.0
547,547,Capaci,IT,2020-01-05 06:17:23,38.17,13.24,59.0,72,75,11.41,broken clouds,0.0,0.0
548,548,Grand Gaube,MU,2020-01-05 06:17:23,-20.01,57.66,78.01,94,75,6.93,broken clouds,0.0,0.0
549,549,Cabedelo,BR,2020-01-05 06:17:23,-6.97,-34.84,75.2,94,20,4.7,few clouds,0.0,0.0
550,550,Anito,PH,2020-01-05 06:17:24,12.45,125.29,81.09,78,99,26.87,light rain,1.37,0.0
551,551,Auki,NG,2020-01-05 06:17:24,12.18,6.51,59.47,28,98,17.58,overcast clouds,0.0,0.0
552,552,Oistins,BB,2020-01-05 06:17:24,13.07,-59.53,77.0,78,20,6.93,few clouds,0.0,0.0
553,553,Sinnamary,GF,2020-01-05 06:17:24,5.38,-52.96,79.05,80,52,13.58,light rain,0.31,0.0
